Week_Start,Month,Quarter,Holiday_Flag,Planned_Hours,Budget_Hours,Economic_Index,HORAS,HORAS_lag1,HORAS_lag2,HORAS_lag3,HORAS_lag4,HORAS_roll_mean4,HORAS_roll_std4,Project_Type_Consultoría estratégica,Project_Type_Implementación,Project_Type_Mantenimiento,Client_Industry_Banca,Client_Industry_Energía,Client_Industry_Retail,Client_Industry_Salud,Client_Industry_Tecnología
09/09/2019,9,3,0,450.0,469.0,102.65,361,400,400,400,400,390.25,19.5,1,0,0,0,1,0,0,0
16/09/2019,9,3,0,462.3,509.9,102.73,500,361,400,400,400,415.25,59.42,1,0,0,0,0,0,0,1
23/09/2019,9,3,0,473.8,446.4,101.65,515,500,361,400,400,444.0,75.28,0,0,1,0,0,0,1,0
30/09/2019,9,3,0,484.1,446.7,100.72,391,515,500,361,400,441.75,77.15,0,1,0,1,0,0,0,0
07/10/2019,10,4,0,492.3,566.1,100.65,468,391,515,500,361,468.5,55.26,1,0,0,1,0,0,0,0
14/10/2019,10,4,0,498.3,460.0,101.39,428,468,391,515,500,450.5,53.27,0,1,0,0,0,0,1,0
21/10/2019,10,4,0,501.4,468.2,99.94,438,428,468,391,515,431.25,31.76,0,1,0,0,0,0,0,1
28/10/2019,10,4,0,501.7,573.3,101.13,547,438,428,468,391,470.25,53.92,0,1,0,1,0,0,0,0
04/11/2019,11,4,0,499.2,570.6,101.38,487,547,438,428,468,475.0,54.49,0,1,0,0,0,1,0,0
11/11/2019,11,4,0,493.8,499.8,101.78,421,487,547,438,428,473.25,56.57,0,1,0,0,1,0,0,0
18/11/2019,11,4,0,486.2,503.6,104.25,503,421,487,547,438,489.5,52.24,0,0,1,0,0,0,1,0
25/11/2019,11,4,0,476.5,533.6,105.46,461,503,421,487,547,468.0,35.8,1,0,0,0,1,0,0,0
02/12/2019,12,4,0,465.6,498.4,104.96,553,461,503,421,487,484.5,56.62,1,0,0,0,0,0,1,0
09/12/2019,12,4,1,453.9,403.3,105.27,548,553,461,503,421,516.25,43.15,0,1,0,0,0,0,0,1
16/12/2019,12,4,0,442.2,498.3,104.51,509,548,553,461,503,517.75,42.64,0,0,1,1,0,0,0,0
23/12/2019,12,4,0,431.3,383.8,104.29,371,509,548,553,461,495.25,85.14,0,1,0,0,0,0,1,0
30/12/2019,12,4,0,421.6,442.5,104.33,397,371,509,548,553,456.25,85.59,1,0,0,0,0,0,1,0
06/01/2020,1,1,0,414.0,444.2,103.14,492,397,371,509,548,442.25,68.45,0,0,1,0,1,0,0,0
13/01/2020,1,1,0,408.6,361.3,100.83,415,492,397,371,509,418.75,52.07,0,0,1,0,1,0,0,0
20/01/2020,1,1,0,406.1,460.9,100.97,347,415,492,397,371,412.75,60.16,1,0,0,0,0,0,0,1
27/01/2020,1,1,0,406.4,411.4,100.49,482,347,415,492,397,434.0,67.33,0,1,0,0,1,0,0,0
03/02/2020,2,1,0,409.5,387.7,100.34,459,482,347,415,492,425.75,59.4,0,0,1,0,0,0,1,0
10/02/2020,2,1,0,415.5,409.9,101.63,372,459,482,347,415,415.0,65.57,0,1,0,0,0,0,0,1
17/02/2020,2,1,0,423.7,436.6,102.89,435,372,459,482,347,437.0,47.39,0,0,1,0,0,0,0,1
24/02/2020,2,1,1,434.0,474.6,103.59,345,435,372,459,482,402.75,53.18,1,0,0,0,0,0,0,1
02/03/2020,3,1,0,445.5,487.4,103.9,416,345,435,372,459,392.0,40.96,1,0,0,0,1,0,0,0
09/03/2020,3,1,0,457.8,491.4,102.24,382,416,345,435,372,394.5,39.62,1,0,0,0,0,1,0,0
16/03/2020,3,1,0,470.1,427.6,103.46,390,382,416,345,435,383.25,29.34,1,0,0,0,0,1,0,0
23/03/2020,3,1,0,481.6,434.0,101.11,505,390,382,416,345,423.25,56.4,0,1,0,1,0,0,0,0
30/03/2020,3,1,0,491.9,487.7,99.98,454,505,390,382,416,432.75,57.95,0,1,0,1,0,0,0,0
06/04/2020,4,2,0,500.1,538.3,99.04,401,454,505,390,382,437.5,52.97,0,1,0,0,0,1,0,0
13/04/2020,4,2,0,506.1,472.0,97.83,520,401,454,505,390,470.0,53.98,1,0,0,0,0,0,0,1
20/04/2020,4,2,0,509.2,483.8,97.01,587,520,401,454,505,490.5,80.67,0,1,0,0,1,0,0,0
27/04/2020,4,2,0,509.5,440.4,96.75,475,587,520,401,454,495.75,78.15,0,1,0,0,1,0,0,0
04/05/2020,5,2,0,507.0,581.7,97.08,412,475,587,520,401,498.5,73.78,0,1,0,0,0,1,0,0
11/05/2020,5,2,0,501.6,544.0,98.74,492,412,475,587,520,491.5,72.37,1,0,0,0,0,0,0,1
18/05/2020,5,2,0,494.0,510.1,98.3,425,492,412,475,587,451.0,38.53,1,0,0,0,0,0,0,1
25/05/2020,5,2,0,484.3,429.1,98.73,482,425,492,412,475,452.75,40.11,1,0,0,0,0,0,0,1
01/06/2020,6,2,0,473.4,488.1,101.06,380,482,425,492,412,444.75,52.29,1,0,0,1,0,0,0,0
08/06/2020,6,2,0,461.7,439.5,100.78,423,380,482,425,492,427.5,41.84,0,0,1,0,1,0,0,0
15/06/2020,6,2,0,450.0,398.6,100.79,390,423,380,482,425,418.75,46.0,0,0,1,0,0,0,1,0
22/06/2020,6,2,0,439.1,429.2,100.74,464,390,423,380,482,414.25,37.92,0,1,0,0,0,0,1,0
29/06/2020,6,2,0,429.4,444.6,99.02,429,464,390,423,380,426.5,30.32,0,0,1,0,0,0,0,1
06/07/2020,7,3,0,421.8,462.1,97.6,373,429,464,390,423,414.0,40.75,0,1,0,0,1,0,0,0
13/07/2020,7,3,0,416.4,360.3,96.94,442,373,429,464,390,427.0,38.79,1,0,0,0,0,0,1,0
20/07/2020,7,3,0,413.9,417.7,97.79,474,442,373,429,464,429.5,42.15,0,1,0,0,1,0,0,0
27/07/2020,7,3,0,414.2,406.8,98.15,414,474,442,373,429,425.75,42.87,1,0,0,0,0,1,0,0
03/08/2020,8,3,0,417.3,397.1,98.87,344,414,474,442,373,418.5,55.39,1,0,0,0,0,0,1,0
10/08/2020,8,3,0,423.3,452.2,99.65,499,344,414,474,442,432.75,69.09,1,0,0,0,0,0,0,1
17/08/2020,8,3,0,431.5,433.8,101.18,380,499,344,414,474,409.25,66.31,0,1,0,0,0,0,0,1
24/08/2020,8,3,0,441.8,429.7,103.4,527,380,499,344,414,437.5,89.15,0,1,0,1,0,0,0,0
31/08/2020,8,3,0,453.3,452.2,103.58,524,527,380,499,344,482.5,69.48,0,0,1,1,0,0,0,0
07/09/2020,9,3,0,465.6,415.9,104.52,420,524,527,380,499,462.75,74.28,0,0,1,0,0,1,0,0
14/09/2020,9,3,0,477.9,473.2,104.66,488,420,524,527,380,489.75,49.76,1,0,0,0,0,1,0,0
21/09/2020,9,3,0,489.4,493.7,104.95,445,488,420,524,527,469.25,46.05,1,0,0,0,1,0,0,0
28/09/2020,9,3,0,499.7,497.9,103.95,523,445,488,420,524,469.0,45.66,1,0,0,0,0,0,1,0
05/10/2020,10,4,0,507.9,446.9,103.75,537,523,445,488,420,498.25,41.05,1,0,0,0,0,1,0,0
12/10/2020,10,4,0,513.9,469.2,102.18,552,537,523,445,488,514.25,47.66,1,0,0,0,0,1,0,0
19/10/2020,10,4,0,517.0,564.6,102.6,561,552,537,523,445,543.25,16.74,0,1,0,0,1,0,0,0
26/10/2020,10,4,0,517.3,445.3,103.23,450,561,552,537,523,525.0,50.97,0,1,0,0,0,0,0,1
02/11/2020,11,4,0,514.8,442.9,103.08,490,450,561,552,537,513.25,52.67,1,0,0,0,0,1,0,0
09/11/2020,11,4,0,509.4,555.4,103.98,467,490,450,561,552,492.0,48.83,0,1,0,0,1,0,0,0
16/11/2020,11,4,0,501.8,512.0,105.07,430,467,490,450,561,459.25,25.47,0,1,0,0,0,0,0,1
23/11/2020,11,4,0,492.1,538.4,105.62,567,430,467,490,450,488.5,57.88,1,0,0,0,0,1,0,0
30/11/2020,11,4,0,481.2,528.4,107.68,520,567,430,467,490,496.0,60.04,0,0,1,1,0,0,0,0
07/12/2020,12,4,0,469.5,535.9,106.91,539,520,567,430,467,514.0,59.23,0,1,0,1,0,0,0,0
14/12/2020,12,4,0,457.8,488.1,107.16,486,539,520,567,430,528.0,34.01,0,0,1,0,1,0,0,0
21/12/2020,12,4,0,446.9,493.8,106.54,443,486,539,520,567,497.0,42.15,1,0,0,0,1,0,0,0
28/12/2020,12,4,0,437.2,436.6,105.79,383,443,486,539,520,462.75,66.09,0,0,1,0,0,0,0,1
04/01/2021,1,1,0,429.6,473.8,103.87,460,383,443,486,539,443.0,43.73,0,1,0,0,0,0,1,0
11/01/2021,1,1,0,424.2,452.2,103.28,497,460,383,443,486,445.75,47.52,1,0,0,0,1,0,0,0
18/01/2021,1,1,0,421.7,404.8,102.62,440,497,460,383,443,445.0,47.6,0,0,1,0,0,1,0,0
25/01/2021,1,1,0,422.0,401.1,103.68,368,440,497,460,383,441.25,54.24,0,0,1,0,0,0,0,1
01/02/2021,2,1,0,425.1,378.2,103.42,375,368,440,497,460,420.0,60.71,0,0,1,1,0,0,0,0
08/02/2021,2,1,0,431.1,435.4,104.0,490,375,368,440,497,418.25,57.78,0,0,1,1,0,0,0,0
15/02/2021,2,1,0,439.3,385.1,104.31,411,490,375,368,440,411.0,55.93,0,1,0,1,0,0,0,0
22/02/2021,2,1,0,449.6,392.1,105.21,418,411,490,375,368,423.5,48.17,0,0,1,0,1,0,0,0
01/03/2021,3,1,0,461.1,516.2,105.56,382,418,411,490,375,425.25,45.89,0,1,0,0,1,0,0,0
08/03/2021,3,1,0,473.4,485.3,104.33,490,382,418,411,490,425.25,45.89,1,0,0,0,1,0,0,0
15/03/2021,3,1,0,485.7,454.4,103.8,418,490,382,418,411,427.0,45.3,0,0,1,0,0,0,0,1
22/03/2021,3,1,0,497.2,553.4,103.6,586,418,490,382,418,469.0,90.0,1,0,0,1,0,0,0,0
29/03/2021,3,1,0,507.5,501.1,101.97,480,586,418,490,382,493.5,69.4,0,1,0,1,0,0,0,0
05/04/2021,4,2,0,515.7,563.8,100.98,561,480,586,418,490,511.25,76.89,0,1,0,0,1,0,0,0
12/04/2021,4,2,0,521.7,577.1,99.7,485,561,480,586,418,528.0,53.56,1,0,0,1,0,0,0,0
19/04/2021,4,2,0,524.8,464.4,99.32,431,485,561,480,586,489.25,53.68,1,0,0,0,1,0,0,0
26/04/2021,4,2,0,525.1,502.0,99.78,426,431,485,561,480,475.75,62.8,0,1,0,1,0,0,0,0
03/05/2021,5,2,0,522.6,474.0,98.75,507,426,431,485,561,462.25,40.04,0,0,1,1,0,0,0,0
10/05/2021,5,2,0,517.2,525.5,100.6,571,507,426,431,485,483.75,68.97,0,1,0,0,1,0,0,0
17/05/2021,5,2,0,509.6,536.7,101.07,576,571,507,426,431,520.0,70.1,1,0,0,1,0,0,0,0
24/05/2021,5,2,0,499.9,548.0,102.12,437,576,571,507,426,522.75,65.23,1,0,0,0,0,1,0,0
31/05/2021,5,2,0,489.0,428.0,102.14,506,437,576,571,507,522.5,65.31,0,1,0,0,0,0,1,0
07/06/2021,6,2,0,477.3,457.3,103.2,526,506,437,576,571,511.25,57.59,1,0,0,0,1,0,0,0
14/06/2021,6,2,0,465.6,525.6,103.31,375,526,506,437,576,461.0,68.85,0,0,1,0,0,0,0,1
21/06/2021,6,2,0,454.7,430.7,101.79,471,375,526,506,437,469.5,66.98,0,0,1,0,1,0,0,0
28/06/2021,6,2,0,445.0,400.1,101.64,511,471,375,526,506,470.75,67.92,0,1,0,0,1,0,0,0
05/07/2021,7,3,0,437.4,470.9,99.55,351,511,471,375,526,427.0,76.32,0,1,0,0,0,0,1,0
12/07/2021,7,3,1,432.0,459.6,100.33,455,351,511,471,375,447.0,68.2,0,1,0,1,0,0,0,0
19/07/2021,7,3,0,429.5,420.1,99.62,391,455,351,511,471,427.0,70.5,0,0,1,0,0,0,1,0
26/07/2021,7,3,0,429.8,378.9,100.03,377,391,455,351,511,393.5,44.22,0,1,0,0,1,0,0,0
02/08/2021,8,3,0,432.9,466.4,101.02,423,377,391,455,351,411.5,34.81,1,0,0,1,0,0,0,0
09/08/2021,8,3,0,438.9,415.7,102.78,409,423,377,391,455,400.0,20.17,0,1,0,0,1,0,0,0
16/08/2021,8,3,0,447.1,465.7,103.08,472,409,423,377,391,420.25,39.51,1,0,0,0,0,0,0,1
23/08/2021,8,3,0,457.4,392.8,104.84,524,472,409,423,377,457.0,52.2,1,0,0,0,0,0,0,1
30/08/2021,8,3,0,468.9,440.0,105.57,442,524,472,409,423,461.75,48.83,0,1,0,0,0,0,1,0
06/09/2021,9,3,1,481.2,502.2,106.59,327,442,524,472,409,441.25,83.36,1,0,0,0,0,0,0,1
13/09/2021,9,3,0,493.5,433.1,105.68,588,327,442,524,472,470.25,112.65,1,0,0,1,0,0,0,0
20/09/2021,9,3,0,505.0,492.2,105.77,454,588,327,442,524,452.75,106.81,0,1,0,0,0,1,0,0
27/09/2021,9,3,0,515.3,452.2,104.77,551,454,588,327,442,480.0,116.6,1,0,0,0,1,0,0,0
04/10/2021,10,4,0,523.5,595.8,105.46,540,551,454,588,327,533.25,56.68,1,0,0,0,0,0,1,0
11/10/2021,10,4,0,529.5,604.1,104.82,622,540,551,454,588,541.75,68.87,1,0,0,0,0,0,1,0
18/10/2021,10,4,0,532.6,461.0,103.76,440,622,540,551,454,538.25,74.91,1,0,0,0,1,0,0,0
25/10/2021,10,4,0,532.9,506.8,105.56,493,440,622,540,551,523.75,77.19,0,1,0,0,0,0,0,1
01/11/2021,11,4,0,530.4,513.7,106.43,429,493,440,622,540,496.0,88.52,0,0,1,0,0,1,0,0
08/11/2021,11,4,0,525.0,568.0,107.11,476,429,493,440,622,459.5,30.03,1,0,0,0,0,0,0,1
15/11/2021,11,4,1,517.4,565.4,107.48,441,476,429,493,440,459.75,29.81,1,0,0,0,0,1,0,0
22/11/2021,11,4,0,507.7,499.6,109.5,501,441,476,429,493,461.75,32.9,1,0,0,0,0,1,0,0
29/11/2021,11,4,0,496.8,478.2,109.51,423,501,441,476,429,460.25,34.96,1,0,0,0,0,1,0,0
06/12/2021,12,4,0,485.1,420.1,109.3,433,423,501,441,476,449.5,35.11,0,1,0,0,0,0,0,1
13/12/2021,12,4,0,473.4,429.7,108.54,475,433,423,501,441,458.0,36.46,0,1,0,0,0,0,1,0
20/12/2021,12,4,0,462.5,430.1,108.97,371,475,433,423,501,425.5,42.75,1,0,0,0,0,0,0,1
27/12/2021,12,4,0,452.8,492.1,107.51,381,371,475,433,423,415.0,48.36,1,0,0,0,0,0,0,1
03/01/2022,1,1,0,445.2,508.9,105.85,408,381,371,475,433,408.75,46.85,1,0,0,0,0,0,0,1
10/01/2022,1,1,0,439.8,396.4,106.1,398,408,381,371,475,389.5,16.62,1,0,0,0,0,0,0,1
17/01/2022,1,1,1,437.3,494.3,104.31,287,398,408,381,371,368.5,55.46,0,1,0,0,0,1,0,0
24/01/2022,1,1,0,437.6,475.0,104.08,407,287,398,408,381,375.0,58.84,0,0,1,0,0,1,0,0
31/01/2022,1,1,0,440.7,501.9,104.44,496,407,287,398,408,397.0,85.64,0,0,1,1,0,0,0,0
07/02/2022,2,1,0,446.7,449.5,105.37,529,496,407,287,398,429.75,108.22,0,0,1,0,0,0,0,1
14/02/2022,2,1,0,454.9,500.6,106.33,499,529,496,407,287,482.75,52.65,0,1,0,0,0,1,0,0
21/02/2022,2,1,0,465.2,418.1,106.99,550,499,529,496,407,518.5,25.75,1,0,0,0,0,0,0,1
28/02/2022,2,1,0,476.7,490.7,107.89,563,550,499,529,496,535.25,27.93,0,0,1,1,0,0,0,0
07/03/2022,3,1,0,489.0,431.0,107.65,583,563,550,499,529,548.75,35.84,1,0,0,0,0,1,0,0
14/03/2022,3,1,0,501.3,455.7,106.89,541,583,563,550,499,559.25,18.23,1,0,0,0,0,0,1,0
21/03/2022,3,1,0,512.8,549.0,105.81,517,541,583,563,550,551.0,28.43,1,0,0,1,0,0,0,0
28/03/2022,3,1,0,523.1,479.1,104.4,420,517,541,583,563,515.25,69.11,1,0,0,0,0,0,1,0
04/04/2022,4,2,0,531.3,506.0,102.66,556,420,517,541,583,508.5,61.15,1,0,0,0,1,0,0,0
11/04/2022,4,2,0,537.3,571.9,102.94,543,556,420,517,541,509.0,61.51,0,1,0,1,0,0,0,0
18/04/2022,4,2,0,540.4,553.5,100.54,626,543,556,420,517,536.25,85.64,0,1,0,0,1,0,0,0
25/04/2022,4,2,1,540.7,496.7,102.01,459,626,543,556,420,546.0,68.5,1,0,0,0,0,1,0,0
02/05/2022,5,2,0,538.2,606.8,102.2,434,459,626,543,556,515.5,87.18,1,0,0,0,0,0,0,1
09/05/2022,5,2,0,532.8,469.3,101.54,446,434,459,626,543,491.25,90.41,0,1,0,0,1,0,0,0
16/05/2022,5,2,0,525.2,574.7,103.47,441,446,434,459,626,445.0,10.55,0,0,1,1,0,0,0,0
23/05/2022,5,2,0,515.5,552.4,103.78,524,441,446,434,459,461.25,42.12,0,1,0,1,0,0,0,0
30/05/2022,5,2,0,504.6,537.2,104.53,412,524,441,446,434,455.75,47.91,1,0,0,0,0,1,0,0
06/06/2022,6,2,1,492.9,513.4,104.84,317,412,524,441,446,423.5,85.4,1,0,0,1,0,0,0,0
13/06/2022,6,2,0,481.2,450.7,104.42,437,317,412,524,441,422.5,85.15,0,0,1,1,0,0,0,0
20/06/2022,6,2,0,470.3,538.2,104.49,534,437,317,412,524,425.0,89.18,1,0,0,0,0,1,0,0
27/06/2022,6,2,0,460.6,455.3,103.03,458,534,437,317,412,436.5,89.91,1,0,0,0,1,0,0,0
04/07/2022,7,3,0,453.0,385.8,101.7,468,458,534,437,317,474.25,41.88,1,0,0,0,1,0,0,0
11/07/2022,7,3,0,447.6,462.5,101.49,455,468,458,534,437,478.75,37.25,0,1,0,0,0,1,0,0
18/07/2022,7,3,0,445.1,460.9,102.38,478,455,468,458,534,464.75,10.44,1,0,0,0,0,1,0,0
25/07/2022,7,3,0,445.4,450.0,101.68,495,478,455,468,458,474.0,16.87,1,0,0,1,0,0,0,0
01/08/2022,8,3,0,448.5,419.2,102.61,373,495,478,455,468,450.25,54.05,1,0,0,0,0,0,1,0
08/08/2022,8,3,0,454.5,404.8,103.83,503,373,495,478,455,462.25,60.41,0,1,0,0,1,0,0,0
15/08/2022,8,3,0,462.7,469.6,104.54,475,503,373,495,478,461.5,60.16,1,0,0,0,0,0,1,0
22/08/2022,8,3,0,473.0,414.1,106.04,508,475,503,373,495,464.75,62.87,1,0,0,0,0,0,1,0
29/08/2022,8,3,0,484.5,434.7,107.82,443,508,475,503,373,482.25,29.93,0,0,1,1,0,0,0,0
05/09/2022,9,3,0,496.8,542.5,107.64,459,443,508,475,503,471.25,27.77,0,0,1,0,0,1,0,0
12/09/2022,9,3,0,509.1,551.8,108.9,528,459,443,508,475,484.5,40.07,0,1,0,0,0,0,1,0
19/09/2022,9,3,0,520.6,522.6,108.49,425,528,459,443,508,463.75,45.03,1,0,0,1,0,0,0,0
26/09/2022,9,3,0,530.9,577.7,108.27,447,425,528,459,443,464.75,44.46,1,0,0,1,0,0,0,0
03/10/2022,10,4,0,539.1,489.6,107.09,549,447,425,528,459,487.25,60.47,1,0,0,1,0,0,0,0
10/10/2022,10,4,0,545.1,561.9,106.71,485,549,447,425,528,476.5,54.32,0,1,0,0,1,0,0,0
17/10/2022,10,4,0,548.2,561.1,105.73,602,485,549,447,425,520.75,68.6,0,1,0,1,0,0,0,0
24/10/2022,10,4,0,548.5,628.3,107.3,562,602,485,549,447,549.5,48.56,0,0,1,0,0,0,0,1
31/10/2022,10,4,0,546.0,489.5,106.76,520,562,602,485,549,542.25,50.77,1,0,0,0,1,0,0,0
07/11/2022,11,4,0,540.6,501.1,109.27,588,520,562,602,485,568.0,36.04,1,0,0,0,0,0,1,0
14/11/2022,11,4,0,533.0,586.0,109.55,592,588,520,562,602,565.5,33.12,1,0,0,0,0,0,0,1
21/11/2022,11,4,0,523.3,595.8,111.31,482,592,588,520,562,545.5,53.7,1,0,0,0,0,0,1,0
28/11/2022,11,4,0,512.4,573.1,110.67,539,482,592,588,520,550.25,51.49,1,0,0,0,0,0,1,0
05/12/2022,12,4,0,500.7,493.6,111.86,570,539,482,592,588,545.75,47.74,1,0,0,0,0,0,0,1
12/12/2022,12,4,0,489.0,523.8,110.93,463,570,539,482,592,513.5,49.62,1,0,0,0,0,0,0,1
19/12/2022,12,4,0,478.1,502.7,110.57,462,463,570,539,482,508.5,54.6,1,0,0,0,0,0,0,1
26/12/2022,12,4,1,468.4,421.0,109.72,507,462,463,570,539,500.5,50.86,1,0,0,0,0,0,0,1
02/01/2023,1,1,0,460.8,525.4,109.1,419,507,462,463,570,462.75,35.93,0,1,0,0,0,0,0,1
09/01/2023,1,1,0,455.4,482.8,107.76,388,419,507,462,463,444.0,51.81,0,1,0,1,0,0,0,0
16/01/2023,1,1,0,452.9,512.7,106.92,365,388,419,507,462,419.75,62.23,0,0,1,0,0,1,0,0
23/01/2023,1,1,0,453.2,468.8,106.16,471,365,388,419,507,410.75,45.86,0,1,0,0,0,0,0,1
30/01/2023,1,1,0,456.3,404.7,108.13,412,471,365,388,419,409.0,45.57,1,0,0,0,1,0,0,0
06/02/2023,2,1,0,462.3,443.0,108.59,438,412,471,365,388,421.5,44.74,0,0,1,0,0,1,0,0
13/02/2023,2,1,1,470.5,446.4,108.56,329,438,412,471,365,412.5,60.68,1,0,0,1,0,0,0,0
20/02/2023,2,1,0,480.8,542.1,108.19,484,329,438,412,471,415.75,65.05,1,0,0,1,0,0,0,0
27/02/2023,2,1,0,492.3,496.5,108.77,480,484,329,438,412,432.75,72.23,0,1,0,0,0,0,1,0
06/03/2023,3,1,0,504.6,509.2,108.79,416,480,484,329,438,427.25,72.53,0,1,0,1,0,0,0,0
13/03/2023,3,1,0,516.9,513.6,108.37,479,416,480,484,329,464.75,32.57,1,0,0,1,0,0,0,0
20/03/2023,3,1,0,528.4,515.7,108.08,584,479,416,480,484,489.75,69.6,1,0,0,0,0,1,0,0
27/03/2023,3,1,0,538.7,607.3,106.62,632,584,479,416,480,527.75,98.14,1,0,0,0,0,0,0,1
03/04/2023,4,2,0,546.9,596.0,105.38,586,632,584,479,416,570.25,64.75,0,1,0,0,0,0,1,0
10/04/2023,4,2,0,552.9,472.8,104.31,474,586,632,584,479,569.0,67.1,1,0,0,0,0,1,0,0
17/04/2023,4,2,0,556.0,551.2,104.26,504,474,586,632,584,549.0,72.82,1,0,0,0,0,0,1,0
24/04/2023,4,2,0,556.3,482.0,102.77,592,504,474,586,632,539.0,59.07,1,0,0,0,1,0,0,0
01/05/2023,5,2,0,553.8,492.6,103.16,495,592,504,474,586,516.25,52.04,0,1,0,1,0,0,0,0
08/05/2023,5,2,0,548.4,475.8,103.32,501,495,592,504,474,523.0,46.15,0,1,0,1,0,0,0,0
15/05/2023,5,2,0,540.8,564.6,105.1,560,501,495,592,504,537.0,46.95,1,0,0,0,0,0,0,1
22/05/2023,5,2,0,531.1,564.7,105.86,486,560,501,495,592,510.5,33.57,0,0,1,0,0,1,0,0
29/05/2023,5,2,1,520.2,447.0,105.92,610,486,560,501,495,539.25,56.96,1,0,0,0,1,0,0,0
05/06/2023,6,2,0,508.5,556.5,106.07,416,610,486,560,501,518.0,84.96,1,0,0,0,0,1,0,0
12/06/2023,6,2,0,496.8,428.0,106.35,556,416,610,486,560,517.0,84.32,0,1,0,0,0,1,0,0
19/06/2023,6,2,0,485.9,458.8,106.75,391,556,416,610,486,493.25,106.44,0,1,0,0,0,1,0,0
26/06/2023,6,2,0,476.2,467.7,104.5,509,391,556,416,610,468.0,77.58,0,1,0,0,0,0,0,1
03/07/2023,7,3,0,468.6,475.9,103.89,376,509,391,556,416,458.0,88.35,0,1,0,0,1,0,0,0
10/07/2023,7,3,0,463.2,416.3,104.88,372,376,509,391,556,412.0,65.18,0,1,0,0,0,1,0,0
17/07/2023,7,3,0,460.7,478.9,104.17,462,372,376,509,391,429.75,67.19,1,0,0,0,1,0,0,0
24/07/2023,7,3,0,461.0,441.2,104.95,527,462,372,376,509,434.25,74.48,0,0,1,0,1,0,0,0
31/07/2023,7,3,0,464.1,394.7,104.07,528,527,462,372,376,472.25,73.62,0,1,0,0,0,1,0,0
07/08/2023,8,3,0,470.1,471.7,105.96,391,528,527,462,372,477.0,65.12,0,1,0,1,0,0,0,0
14/08/2023,8,3,0,478.3,439.0,108.35,425,391,528,527,462,467.75,70.38,0,1,0,0,0,0,0,1
21/08/2023,8,3,0,488.6,482.4,108.22,438,425,391,528,527,445.5,58.46,0,1,0,1,0,0,0,0
28/08/2023,8,3,0,500.1,548.9,110.61,436,438,425,391,528,422.5,21.76,1,0,0,1,0,0,0,0
04/09/2023,9,3,0,512.4,481.1,109.47,518,436,438,425,391,454.25,42.88,0,1,0,0,1,0,0,0
11/09/2023,9,3,0,524.7,446.6,111.08,586,518,436,438,425,494.5,71.97,1,0,0,0,0,0,1,0
18/09/2023,9,3,0,536.2,595.7,110.5,617,586,518,436,438,539.25,80.3,1,0,0,1,0,0,0,0
25/09/2023,9,3,0,546.5,586.9,110.01,447,617,586,518,436,542.0,75.64,1,0,0,0,0,0,0,1
02/10/2023,10,4,0,554.7,546.5,108.28,499,447,617,586,518,537.25,78.2,1,0,0,1,0,0,0,0
09/10/2023,10,4,0,560.7,549.7,108.5,557,499,447,617,586,530.0,73.37,1,0,0,0,0,1,0,0
16/10/2023,10,4,0,563.8,625.7,109.59,550,557,499,447,617,513.25,51.18,1,0,0,1,0,0,0,0
23/10/2023,10,4,0,564.1,552.5,108.74,461,550,557,499,447,516.75,45.27,0,0,1,0,0,0,0,1
30/10/2023,10,4,0,561.6,560.0,110.55,466,461,550,557,499,508.5,52.08,1,0,0,1,0,0,0,0
06/11/2023,11,4,0,556.2,547.1,111.38,640,466,461,550,557,529.25,84.37,0,0,1,1,0,0,0,0
13/11/2023,11,4,0,548.6,591.7,110.81,617,640,466,461,550,546.0,95.75,1,0,0,0,0,1,0,0
20/11/2023,11,4,0,538.9,517.4,113.41,585,617,640,466,461,577.0,77.36,0,1,0,0,0,1,0,0
27/11/2023,11,4,0,528.0,577.9,112.86,434,585,617,640,466,569.0,92.78,1,0,0,0,1,0,0,0
04/12/2023,12,4,0,516.3,513.7,113.19,535,434,585,617,640,542.75,79.97,0,1,0,0,0,1,0,0
11/12/2023,12,4,0,504.6,538.8,114.34,517,535,434,585,617,517.75,62.81,1,0,0,0,0,0,1,0
18/12/2023,12,4,0,493.7,561.5,112.05,453,517,535,434,585,484.75,48.82,0,1,0,1,0,0,0,0
25/12/2023,12,4,0,484.0,490.0,111.66,560,453,517,535,434,516.25,45.7,0,1,0,0,0,0,0,1
01/01/2024,1,1,0,476.4,501.9,110.33,533,560,453,517,535,515.75,45.44,1,0,0,0,0,0,1,0
08/01/2024,1,1,0,471.0,491.9,109.9,464,533,560,453,517,502.5,52.18,1,0,0,0,0,0,1,0
15/01/2024,1,1,0,468.5,468.8,108.4,540,464,533,560,453,524.25,41.76,0,1,0,0,0,0,1,0
22/01/2024,1,1,0,468.8,514.9,108.32,465,540,464,533,560,500.5,41.67,1,0,0,0,0,0,0,1
29/01/2024,1,1,0,471.9,512.9,108.72,383,465,540,464,533,463.0,64.12,1,0,0,1,0,0,0,0
05/02/2024,2,1,0,477.9,473.8,109.65,552,383,465,540,464,485.0,78.14,1,0,0,0,0,1,0,0
12/02/2024,2,1,1,486.1,524.4,111.46,302,552,383,465,540,425.5,107.43,0,0,1,1,0,0,0,0
19/02/2024,2,1,0,496.4,510.7,111.38,423,302,552,383,465,415.0,104.28,1,0,0,0,0,0,1,0
26/02/2024,2,1,0,507.9,568.0,110.93,454,423,302,552,383,432.75,103.06,1,0,0,1,0,0,0,0
04/03/2024,3,1,0,520.2,496.8,112.17,570,454,423,302,552,437.25,110.15,0,0,1,0,0,0,0,1
11/03/2024,3,1,0,532.5,487.8,111.57,492,570,454,423,302,484.75,63.45,0,1,0,0,0,0,0,1
18/03/2024,3,1,0,544.0,589.4,110.33,640,492,570,454,423,539.0,82.86,0,1,0,0,0,1,0,0
25/03/2024,3,1,0,554.3,535.8,108.31,479,640,492,570,454,545.25,74.87,1,0,0,0,0,0,1,0
01/04/2024,4,2,0,562.5,485.7,107.89,595,479,640,492,570,551.5,78.57,1,0,0,0,0,1,0,0
08/04/2024,4,2,1,568.5,641.9,106.6,458,595,479,640,492,543.0,88.38,0,1,0,1,0,0,0,0
15/04/2024,4,2,0,571.6,618.1,104.89,598,458,595,479,640,532.5,74.41,0,1,0,0,0,0,0,1
22/04/2024,4,2,0,571.9,609.8,104.49,583,598,458,595,479,558.5,67.31,0,1,0,0,1,0,0,0
29/04/2024,4,2,0,569.4,548.5,105.93,611,583,598,458,595,562.5,70.6,1,0,0,0,1,0,0,0
06/05/2024,5,2,1,564.0,557.1,107.32,437,611,583,598,458,557.25,80.98,0,0,1,0,0,1,0,0
13/05/2024,5,2,0,556.4,611.6,106.77,575,437,611,583,598,551.5,77.88,1,0,0,0,0,0,1,0
20/05/2024,5,2,0,546.7,477.0,107.56,564,575,437,611,583,546.75,75.87,1,0,0,1,0,0,0,0
27/05/2024,5,2,0,535.8,508.3,108.58,562,564,575,437,611,534.5,65.25,0,1,0,0,0,1,0,0
03/06/2024,6,2,0,524.1,485.8,109.71,432,562,564,575,437,533.25,67.74,0,1,0,0,0,1,0,0
10/06/2024,6,2,0,512.4,588.8,109.33,513,432,562,564,575,517.75,61.84,1,0,0,1,0,0,0,0
17/06/2024,6,2,0,501.5,558.4,109.14,520,513,432,562,564,506.75,54.33,0,1,0,1,0,0,0,0
24/06/2024,6,2,0,491.8,526.4,108.03,459,520,513,432,562,481.0,42.54,0,0,1,0,0,0,1,0
01/07/2024,7,3,1,484.2,446.9,106.65,438,459,520,513,432,482.5,40.29,0,1,0,0,0,0,0,1
08/07/2024,7,3,0,478.8,465.8,105.94,511,438,459,520,513,482.0,39.79,0,0,1,0,1,0,0,0
15/07/2024,7,3,0,476.3,454.3,106.41,520,511,438,459,520,482.0,39.79,1,0,0,0,0,0,1,0
22/07/2024,7,3,0,476.6,506.6,106.83,511,520,511,438,459,495.0,38.24,1,0,0,1,0,0,0,0
29/07/2024,7,3,0,479.7,544.8,106.18,574,511,520,511,438,529.0,30.3,0,1,0,0,0,0,0,1
05/08/2024,8,3,0,485.7,437.2,109.12,519,574,511,520,511,531.0,28.95,1,0,0,0,1,0,0,0
12/08/2024,8,3,0,493.9,527.6,109.84,521,519,574,511,520,531.25,28.83,0,1,0,0,1,0,0,0
19/08/2024,8,3,0,504.2,542.9,110.16,425,521,519,574,511,509.75,61.98,0,1,0,0,0,1,0,0
26/08/2024,8,3,0,515.7,559.5,110.86,608,425,521,519,574,518.25,74.74,0,1,0,0,0,0,1,0
02/09/2024,9,3,0,528.0,464.6,112.49,632,608,425,521,519,546.5,93.99,1,0,0,0,0,0,1,0
09/09/2024,9,3,1,540.3,621.1,113.44,382,632,608,425,521,511.75,126.6,0,1,0,0,0,0,0,1
16/09/2024,9,3,0,551.8,545.4,111.73,477,382,632,608,425,524.75,117.03,0,1,0,0,0,0,1,0
23/09/2024,9,3,0,562.1,531.7,111.78,632,477,382,632,608,530.75,123.18,0,1,0,0,0,1,0,0
30/09/2024,9,3,0,570.3,597.6,111.35,559,632,477,382,632,512.5,107.6,0,1,0,1,0,0,0,0
07/10/2024,10,4,0,576.3,541.2,110.94,639,559,632,477,382,576.75,75.7,1,0,0,0,1,0,0,0
14/10/2024,10,4,0,579.4,526.4,110.88,612,639,559,632,477,610.5,36.19,1,0,0,0,1,0,0,0
21/10/2024,10,4,0,579.7,653.9,111.36,637,612,639,559,632,611.75,37.25,0,1,0,0,0,0,1,0
28/10/2024,10,4,0,577.2,635.1,112.51,571,637,612,639,559,614.75,31.65,0,1,0,1,0,0,0,0
04/11/2024,11,4,0,571.8,490.2,112.47,472,571,637,612,639,573.0,72.62,0,0,1,0,0,0,1,0
11/11/2024,11,4,1,564.2,598.4,113.89,421,472,571,637,612,525.25,97.1,0,1,0,0,0,0,0,1
18/11/2024,11,4,1,554.5,562.2,115.44,444,421,472,571,637,477.0,66.05,0,1,0,0,1,0,0,0
25/11/2024,11,4,0,543.6,559.9,114.96,619,444,421,472,571,489.0,89.14,1,0,0,1,0,0,0,0
02/12/2024,12,4,0,531.9,564.6,115.28,497,619,444,421,472,495.25,88.42,1,0,0,0,0,0,0,1
09/12/2024,12,4,0,520.2,465.8,115.59,603,497,619,444,421,540.75,84.21,1,0,0,0,0,1,0,0
16/12/2024,12,4,0,509.3,519.8,115.63,542,603,497,619,444,565.25,56.31,0,0,1,0,0,1,0,0
23/12/2024,12,4,0,499.6,440.1,113.35,412,542,603,497,619,513.5,80.41,0,1,0,0,0,1,0,0
30/12/2024,12,4,0,492.0,510.5,113.97,446,412,542,603,497,500.75,87.62,0,1,0,0,0,0,0,1
06/01/2025,1,1,0,486.6,443.0,111.67,547,446,412,542,603,486.75,68.14,0,1,0,0,0,0,0,1
13/01/2025,1,1,0,484.1,509.5,111.3,423,547,446,412,542,457.0,61.65,0,1,0,0,0,0,1,0
20/01/2025,1,1,0,484.4,534.4,111.0,418,423,547,446,412,458.5,60.25,1,0,0,0,0,1,0,0
27/01/2025,1,1,0,487.5,559.0,110.89,559,418,423,547,446,486.75,76.68,1,0,0,0,0,0,0,1
03/02/2025,2,1,0,493.5,536.7,111.97,553,559,418,423,547,488.25,78.3,0,1,0,0,0,0,1,0
10/02/2025,2,1,1,501.7,499.4,112.15,547,553,559,418,423,519.25,67.68,1,0,0,0,0,1,0,0
17/02/2025,2,1,0,512.0,577.6,112.44,511,547,553,559,418,542.5,21.56,0,1,0,0,1,0,0,0
24/02/2025,2,1,0,523.5,592.3,112.61,544,511,547,553,559,538.75,18.87,1,0,0,0,0,0,1,0
03/03/2025,3,1,0,535.8,469.8,112.77,514,544,511,547,553,529.0,19.13,0,1,0,0,1,0,0,0
10/03/2025,3,1,0,548.1,576.0,112.38,569,514,544,511,547,534.5,27.4,0,0,1,1,0,0,0,0
17/03/2025,3,1,0,559.6,545.4,111.38,548,569,514,544,511,543.75,22.66,1,0,0,0,1,0,0,0
24/03/2025,3,1,0,569.9,639.0,110.8,682,548,569,514,544,578.25,72.78,0,1,0,0,0,0,1,0
31/03/2025,3,1,0,578.1,628.4,109.18,565,682,548,569,514,591.0,61.35,1,0,0,0,0,0,1,0
07/04/2025,4,2,0,584.1,671.6,109.19,545,565,682,548,569,585.0,65.26,1,0,0,0,0,0,1,0
14/04/2025,4,2,0,587.2,540.4,108.17,613,545,565,682,548,601.25,60.93,0,1,0,0,0,1,0,0
21/04/2025,4,2,0,587.5,541.9,107.05,704,613,545,565,682,606.75,70.83,1,0,0,0,1,0,0,0
28/04/2025,4,2,0,585.0,643.0,107.21,572,704,613,545,565,608.5,69.53,0,1,0,0,0,0,1,0
05/05/2025,5,2,0,579.6,548.7,107.67,635,572,704,613,545,631.0,55.23,0,1,0,0,0,0,1,0
12/05/2025,5,2,0,572.0,525.2,108.71,603,635,572,704,613,628.5,56.52,0,0,1,1,0,0,0,0
19/05/2025,5,2,0,562.3,527.7,109.52,561,603,635,572,704,592.75,33.31,0,1,0,0,0,1,0,0
26/05/2025,5,2,0,551.4,627.5,111.33,640,561,603,635,572,609.75,36.4,0,0,1,0,1,0,0,0
02/06/2025,6,2,0,539.7,593.4,110.18,462,640,561,603,635,566.5,76.78,0,0,1,0,0,1,0,0
09/06/2025,6,2,0,528.0,586.0,111.69,527,462,640,561,603,547.5,74.09,1,0,0,0,0,0,1,0
16/06/2025,6,2,0,517.1,537.5,109.52,584,527,462,640,561,553.25,76.35,0,1,0,0,0,0,0,1
23/06/2025,6,2,0,507.4,447.2,110.27,426,584,527,462,640,499.75,70.01,1,0,0,1,0,0,0,0
30/06/2025,6,2,1,499.8,530.5,107.92,437,426,584,527,462,493.5,75.41,1,0,0,1,0,0,0,0
07/07/2025,7,3,0,494.4,537.5,108.09,563,437,426,584,527,502.5,82.55,0,0,1,0,0,0,1,0
14/07/2025,7,3,0,491.9,526.6,107.75,450,563,437,426,584,469.0,63.43,1,0,0,0,0,0,0,1
21/07/2025,7,3,0,492.2,428.8,109.3,462,450,563,437,426,478.0,57.58,0,1,0,0,0,0,0,1
28/07/2025,7,3,0,495.3,539.0,108.67,564,462,450,563,437,509.75,62.26,0,1,0,0,0,0,0,1
04/08/2025,8,3,0,501.3,528.5,110.56,447,564,462,450,563,480.75,55.88,1,0,0,0,0,0,1,0
11/08/2025,8,3,0,509.5,542.3,112.16,553,447,564,462,450,506.5,60.52,1,0,0,0,0,1,0,0
18/08/2025,8,3,0,519.8,528.7,112.57,505,553,447,564,462,517.25,53.38,0,0,1,0,0,0,1,0
25/08/2025,8,3,0,531.3,565.2,113.52,526,505,553,447,564,507.75,45.01,1,0,0,0,0,1,0,0
01/09/2025,9,3,0,543.6,541.9,115.1,451,526,505,553,447,508.75,43.22,0,1,0,0,0,1,0,0
08/09/2025,9,3,0,555.9,529.2,115.56,599,451,526,505,553,520.25,61.27,1,0,0,0,1,0,0,0
15/09/2025,9,3,0,567.4,500.0,114.74,455,599,451,526,505,507.75,69.91,0,1,0,0,0,1,0,0
22/09/2025,9,3,0,577.7,583.9,113.68,612,455,599,451,526,529.25,88.22,1,0,0,0,0,0,0,1
29/09/2025,9,3,0,585.9,549.6,113.62,615,612,455,599,451,570.25,77.15,1,0,0,0,1,0,0,0
06/10/2025,10,4,1,591.9,537.6,113.44,443,615,612,455,599,531.25,95.11,1,0,0,1,0,0,0,0
13/10/2025,10,4,0,595.0,595.1,113.76,547,443,615,612,455,554.25,80.53,0,1,0,1,0,0,0,0
20/10/2025,10,4,0,595.3,674.2,113.19,591,547,443,615,612,549.0,76.07,0,1,0,0,0,0,0,1
27/10/2025,10,4,0,592.8,616.4,113.31,633,591,547,443,615,553.5,81.61,0,0,1,0,1,0,0,0
03/11/2025,11,4,0,587.4,606.0,113.83,569,633,591,547,443,585.0,36.7,0,1,0,0,1,0,0,0
10/11/2025,11,4,0,579.8,665.9,116.18,556,569,633,591,547,587.25,33.75,0,1,0,0,0,0,0,1
17/11/2025,11,4,0,570.1,493.3,116.42,611,556,569,633,591,592.25,35.9,0,1,0,0,0,0,1,0
24/11/2025,11,4,0,559.2,557.8,118.38,462,611,556,569,633,549.5,62.88,1,0,0,0,1,0,0,0
01/12/2025,12,4,0,547.5,522.8,118.39,481,462,611,556,569,527.5,68.89,1,0,0,0,0,0,0,1
08/12/2025,12,4,0,535.8,570.3,118.52,440,481,462,611,556,498.5,76.85,1,0,0,0,0,0,1,0
15/12/2025,12,4,0,524.9,540.5,117.88,583,440,481,462,611,491.5,63.26,0,0,1,0,0,0,0,1
22/12/2025,12,4,0,515.2,492.7,115.44,526,583,440,481,462,507.5,61.38,0,0,1,0,0,1,0,0
29/12/2025,12,4,0,507.6,431.7,114.9,549,526,583,440,481,524.5,61.01,0,1,0,0,0,1,0,0
05/01/2026,1,1,0,502.2,440.4,113.69,444,549,526,583,440,525.5,59.16,1,0,0,0,0,1,0,0
12/01/2026,1,1,0,499.7,427.2,114.28,402,444,549,526,583,480.25,68.94,0,1,0,0,0,1,0,0
19/01/2026,1,1,0,500.0,515.7,114.28,451,402,444,549,526,461.5,62.22,1,0,0,0,0,1,0,0
26/01/2026,1,1,0,503.1,476.7,114.4,422,451,402,444,549,429.75,22.25,0,0,1,1,0,0,0,0
02/02/2026,2,1,0,509.1,491.9,113.13,559,422,451,402,444,458.5,69.95,1,0,0,0,1,0,0,0
09/02/2026,2,1,0,517.3,511.0,114.04,514,559,422,451,402,486.5,61.73,1,0,0,0,0,1,0,0
16/02/2026,2,1,0,527.6,456.5,114.61,537,514,559,422,451,508.0,60.21,1,0,0,0,0,0,1,0
23/02/2026,2,1,0,539.1,593.0,116.31,464,537,514,559,422,518.5,40.71,0,1,0,0,1,0,0,0
02/03/2026,3,1,0,551.4,580.0,114.69,527,464,537,514,559,510.5,32.4,1,0,0,1,0,0,0,0
09/03/2026,3,1,0,563.7,501.5,114.66,668,527,464,537,514,549.0,85.66,1,0,0,1,0,0,0,0
16/03/2026,3,1,0,575.2,534.3,113.51,617,668,527,464,537,569.0,91.09,0,1,0,1,0,0,0,0
23/03/2026,3,1,0,585.5,587.7,112.26,697,617,668,527,464,627.25,74.57,1,0,0,0,0,0,1,0
30/03/2026,3,1,0,593.7,586.7,111.95,614,697,617,668,527,649.0,40.47,0,0,1,0,0,0,1,0
06/04/2026,4,2,0,599.7,639.3,110.54,604,614,697,617,668,633.0,43.03,1,0,0,0,0,0,1,0
13/04/2026,4,2,0,602.8,580.9,109.62,630,604,614,697,617,636.25,41.89,1,0,0,1,0,0,0,0
20/04/2026,4,2,0,603.1,601.7,108.84,661,630,604,614,697,627.25,24.92,1,0,0,0,0,1,0,0
27/04/2026,4,2,0,600.6,687.1,110.1,497,661,630,604,614,598.0,71.25,0,0,1,0,0,1,0,0
04/05/2026,5,2,0,595.2,592.7,110.68,707,497,661,630,604,623.75,90.23,1,0,0,0,0,0,0,1
11/05/2026,5,2,0,587.6,590.5,110.36,649,707,497,661,630,628.5,91.16,0,1,0,1,0,0,0,0
18/05/2026,5,2,0,577.9,544.6,112.64,555,649,707,497,661,602.0,93.93,1,0,0,0,1,0,0,0
25/05/2026,5,2,0,567.0,520.3,113.67,477,555,649,707,497,597.0,101.6,0,1,0,0,0,0,0,1
01/06/2026,6,2,0,555.3,559.5,113.9,547,477,555,649,707,557.0,70.64,0,0,1,0,0,0,1,0
08/06/2026,6,2,0,543.6,500.7,112.73,486,547,477,555,649,516.25,40.43,0,0,1,0,0,1,0,0
15/06/2026,6,2,0,532.7,501.6,112.78,561,486,547,477,555,517.75,42.41,1,0,0,0,0,0,1,0
22/06/2026,6,2,0,523.0,538.1,111.29,435,561,486,547,477,507.25,58.14,1,0,0,0,0,0,0,1
29/06/2026,6,2,0,515.4,556.1,111.72,615,435,561,486,547,524.25,79.61,1,0,0,0,0,1,0,0
06/07/2026,7,3,0,510.0,499.4,110.76,485,615,435,561,486,524.0,79.77,1,0,0,0,0,1,0,0
13/07/2026,7,3,0,507.5,568.1,110.17,457,485,615,435,561,498.0,80.64,0,0,1,0,0,0,0,1
20/07/2026,7,3,1,507.8,470.1,110.55,421,457,485,615,435,494.5,84.5,0,0,1,0,0,0,1,0
27/07/2026,7,3,0,510.9,524.8,111.68,532,421,457,485,615,473.75,46.84,0,1,0,1,0,0,0,0
03/08/2026,8,3,0,516.9,574.5,111.46,459,532,421,457,485,467.25,46.56,1,0,0,0,1,0,0,0
10/08/2026,8,3,0,525.1,512.5,113.63,440,459,532,421,457,463.0,48.55,0,1,0,0,0,0,1,0
17/08/2026,8,3,0,535.4,611.6,114.2,566,440,459,532,421,499.25,59.61,0,0,1,1,0,0,0,0
24/08/2026,8,3,0,546.9,498.5,115.23,482,566,440,459,532,486.75,55.55,1,0,0,0,0,0,1,0
31/08/2026,8,3,0,559.2,590.5,117.03,610,482,566,440,459,524.5,77.41,0,1,0,0,0,0,0,1
07/09/2026,9,3,0,571.5,642.3,115.96,620,610,482,566,440,569.5,62.87,1,0,0,0,1,0,0,0
14/09/2026,9,3,0,583.0,644.4,115.82,622,620,610,482,566,583.5,67.87,0,1,0,0,0,0,1,0
21/09/2026,9,3,0,593.3,553.1,116.16,532,622,620,610,482,596.0,42.99,1,0,0,0,0,0,0,1
28/09/2026,9,3,1,601.5,547.5,115.16,500,532,622,620,610,568.5,62.02,0,1,0,0,0,0,1,0
05/10/2026,10,4,0,607.5,695.5,115.65,561,500,532,622,620,553.75,51.87,1,0,0,0,0,0,1,0
12/10/2026,10,4,0,610.6,543.6,115.44,670,561,500,532,622,565.75,73.83,1,0,0,0,1,0,0,0
19/10/2026,10,4,0,610.9,606.7,114.25,559,670,561,500,532,572.5,70.89,0,0,1,0,1,0,0,0
26/10/2026,10,4,1,608.4,611.4,116.51,464,559,670,561,500,563.5,84.2,1,0,0,1,0,0,0,0
02/11/2026,11,4,0,603.0,607.8,116.13,600,464,559,670,561,573.25,86.05,1,0,0,0,0,1,0,0
09/11/2026,11,4,0,595.4,607.9,118.28,666,600,464,559,670,572.25,84.56,0,0,1,0,1,0,0,0
16/11/2026,11,4,0,585.7,546.7,118.07,673,666,600,464,559,600.75,96.92,0,1,0,0,1,0,0,0
23/11/2026,11,4,0,574.8,562.3,119.21,646,673,666,600,464,646.25,32.89,0,1,0,0,1,0,0,0
30/11/2026,11,4,0,563.1,519.1,120.92,646,646,673,666,600,657.75,13.87,0,1,0,0,0,0,1,0
07/12/2026,12,4,0,551.4,588.0,119.29,568,646,646,673,666,633.25,45.32,1,0,0,0,0,0,0,1
14/12/2026,12,4,0,540.5,467.5,119.17,644,568,646,646,673,626.0,38.68,1,0,0,1,0,0,0,0
21/12/2026,12,4,0,530.8,461.2,118.79,435,644,568,646,646,573.25,99.06,1,0,0,1,0,0,0,0
28/12/2026,12,4,0,523.2,546.2,116.19,434,435,644,568,646,520.25,103.76,1,0,0,0,1,0,0,0
04/01/2027,1,1,0,517.8,586.1,117.18,600,434,435,644,568,528.25,109.73,1,0,0,0,0,0,1,0
11/01/2027,1,1,0,515.3,475.1,115.31,517,600,434,435,644,496.5,79.21,0,1,0,0,0,0,0,1
18/01/2027,1,1,0,515.6,568.2,115.69,471,517,600,434,435,505.5,71.57,0,1,0,0,0,1,0,0
25/01/2027,1,1,0,518.7,515.7,116.56,506,471,517,600,434,523.5,54.64,0,1,0,1,0,0,0,0
01/02/2027,2,1,0,524.7,594.1,115.8,427,506,471,517,600,480.25,40.56,0,1,0,0,0,0,0,1
08/02/2027,2,1,0,532.9,498.6,116.5,518,427,506,471,517,480.5,40.86,0,0,1,0,0,0,1,0
15/02/2027,2,1,0,543.2,579.0,116.8,636,518,427,506,471,521.75,86.2,0,1,0,0,1,0,0,0
22/02/2027,2,1,0,554.7,614.2,117.93,548,636,518,427,506,532.25,86.2,0,1,0,0,0,1,0,0
01/03/2027,3,1,0,567.0,575.3,117.14,515,548,636,518,427,554.25,56.5,0,1,0,1,0,0,0,0
08/03/2027,3,1,0,579.3,507.4,116.28,529,515,548,636,518,557.0,54.38,0,0,1,0,0,0,0,1
15/03/2027,3,1,0,590.8,639.1,116.62,572,529,515,548,636,541.0,24.7,0,1,0,0,0,0,0,1
22/03/2027,3,1,0,601.1,511.9,115.65,529,572,529,515,548,536.25,24.73,0,1,0,1,0,0,0,0
29/03/2027,3,1,0,609.3,670.2,113.3,716,529,572,529,515,586.5,88.68,1,0,0,1,0,0,0,0
05/04/2027,4,2,0,615.3,583.9,112.32,731,716,529,572,529,637.0,101.6,0,1,0,0,0,0,0,1
12/04/2027,4,2,0,618.4,539.3,112.14,715,731,716,529,572,672.75,96.11,0,0,1,1,0,0,0,0
19/04/2027,4,2,0,618.7,676.4,110.89,501,715,731,716,529,665.75,110.08,0,1,0,1,0,0,0,0
26/04/2027,4,2,0,616.2,586.4,111.46,521,501,715,731,716,617.0,122.84,0,1,0,0,0,1,0,0
03/05/2027,5,2,0,610.8,546.0,112.61,589,521,501,715,731,581.5,96.64,1,0,0,0,1,0,0,0
10/05/2027,5,2,0,603.2,631.7,114.35,649,589,521,501,715,565.0,67.49,1,0,0,0,0,0,0,1
17/05/2027,5,2,0,593.5,623.3,114.78,475,649,589,521,501,558.5,76.37,0,1,0,0,1,0,0,0
24/05/2027,5,2,0,582.6,643.0,115.85,564,475,649,589,521,569.25,72.25,0,0,1,0,0,1,0,0
31/05/2027,5,2,0,570.9,630.0,115.15,568,564,475,649,589,564.0,71.09,0,1,0,0,0,0,1,0
07/06/2027,6,2,0,559.2,526.0,115.51,480,568,564,475,649,521.75,51.16,0,0,1,0,1,0,0,0
14/06/2027,6,2,0,548.3,496.5,114.53,439,480,568,564,475,512.75,63.75,0,1,0,0,0,0,0,1
21/06/2027,6,2,0,538.6,598.5,113.72,556,439,480,568,564,510.75,61.69,1,0,0,0,0,0,1,0
28/06/2027,6,2,0,531.0,502.3,112.5,613,556,439,480,568,522.0,77.65,0,1,0,0,0,0,0,1
05/07/2027,7,3,0,525.6,566.2,111.59,422,613,556,439,480,507.5,92.17,1,0,0,0,0,1,0,0
12/07/2027,7,3,0,523.1,450.2,111.51,469,422,613,556,439,515.0,85.73,0,1,0,0,1,0,0,0
19/07/2027,7,3,0,523.4,499.0,111.79,464,469,422,613,556,492.0,83.37,0,0,1,0,0,0,1,0
26/07/2027,7,3,0,526.5,546.7,113.66,505,464,469,422,613,465.0,33.99,0,0,1,0,0,0,0,1
02/08/2027,8,3,0,532.5,459.4,113.52,577,505,464,469,422,503.75,52.14,0,1,0,1,0,0,0,0
09/08/2027,8,3,1,540.7,488.3,115.25,380,577,505,464,469,481.5,82.22,0,1,0,0,0,0,0,1
16/08/2027,8,3,0,551.0,625.3,117.65,553,380,577,505,464,503.75,87.76,0,1,0,0,1,0,0,0
23/08/2027,8,3,1,562.5,599.9,117.94,609,553,380,577,505,529.75,102.43,0,1,0,0,0,0,1,0
30/08/2027,8,3,0,574.8,523.1,119.42,620,609,553,380,577,540.5,110.95,0,0,1,0,1,0,0,0
06/09/2027,9,3,0,587.1,553.1,119.53,676,620,609,553,380,614.5,50.41,0,1,0,1,0,0,0,0
13/09/2027,9,3,0,598.6,610.4,117.9,609,676,620,609,553,628.5,32.09,0,0,1,0,0,1,0,0
20/09/2027,9,3,0,608.9,698.6,118.27,507,609,676,620,609,603.0,70.4,0,0,1,0,0,1,0,0
27/09/2027,9,3,0,617.1,528.6,116.74,719,507,609,676,620,627.75,92.35,1,0,0,0,0,1,0,0
04/10/2027,10,4,0,623.1,567.1,116.28,657,719,507,609,676,623.0,89.49,0,1,0,0,0,1,0,0
11/10/2027,10,4,0,626.2,540.0,116.36,696,657,719,507,609,644.75,95.33,0,0,1,0,0,0,0,1
18/10/2027,10,4,0,626.5,594.4,116.95,656,696,657,719,507,682.0,30.91,0,1,0,0,0,0,1,0
25/10/2027,10,4,0,624.0,714.8,118.13,593,656,696,657,719,650.5,42.62,0,0,1,0,0,0,1,0
01/11/2027,11,4,0,618.6,648.0,118.77,538,593,656,696,657,620.75,69.58,1,0,0,0,0,1,0,0
08/11/2027,11,4,0,611.0,673.6,120.54,664,538,593,656,696,612.75,59.09,1,0,0,1,0,0,0,0
15/11/2027,11,4,0,601.3,577.0,120.15,610,664,538,593,656,601.25,51.91,0,1,0,1,0,0,0,0
22/11/2027,11,4,0,590.4,675.2,121.64,555,610,664,538,593,591.75,57.13,0,1,0,0,0,0,0,1
29/11/2027,11,4,0,578.7,542.8,121.75,572,555,610,664,538,600.25,48.32,0,1,0,0,0,1,0,0
06/12/2027,12,4,0,567.0,482.0,121.34,582,572,555,610,664,579.75,23.04,0,1,0,1,0,0,0,0
13/12/2027,12,4,0,556.1,508.4,120.3,556,582,572,555,610,566.25,13.07,1,0,0,0,0,0,0,1
20/12/2027,12,4,0,546.4,496.0,120.17,538,556,582,572,555,562.0,19.25,1,0,0,1,0,0,0,0
27/12/2027,12,4,0,538.8,534.5,118.42,637,538,556,582,572,578.25,43.13,1,0,0,1,0,0,0,0
03/01/2028,1,1,0,533.4,552.9,117.57,459,637,538,556,582,547.5,73.04,0,1,0,0,0,0,1,0
10/01/2028,1,1,0,530.9,497.8,117.91,543,459,637,538,556,544.25,72.83,1,0,0,0,1,0,0,0
17/01/2028,1,1,0,531.2,514.4,117.17,449,543,459,637,538,522.0,87.49,0,1,0,1,0,0,0,0
24/01/2028,1,1,0,534.3,507.0,116.78,549,449,543,459,637,500.0,53.33,0,1,0,0,0,0,1,0
31/01/2028,1,1,0,540.3,465.5,117.83,510,549,449,543,459,512.75,45.83,1,0,0,1,0,0,0,0
07/02/2028,2,1,1,548.5,585.5,119.03,613,510,549,449,543,530.25,68.83,0,1,0,0,0,0,1,0
14/02/2028,2,1,0,558.8,615.2,118.58,613,613,510,549,449,571.25,50.77,0,1,0,0,0,0,0,1
21/02/2028,2,1,0,570.3,503.8,119.66,529,613,613,510,549,566.25,54.54,0,0,1,0,0,0,1,0
28/02/2028,2,1,0,582.6,518.9,119.13,686,529,613,613,510,610.25,64.17,1,0,0,0,0,0,1,0
06/03/2028,3,1,0,594.9,652.1,118.14,666,686,529,613,613,623.5,70.13,1,0,0,0,0,1,0,0
13/03/2028,3,1,1,606.4,567.3,117.72,431,666,686,529,613,578.0,120.3,1,0,0,0,0,0,1,0
20/03/2028,3,1,0,616.7,659.7,116.52,558,431,666,686,529,585.25,117.2,0,0,1,0,0,0,0,1
27/03/2028,3,1,0,624.9,664.5,116.62,635,558,431,666,686,572.5,104.69,0,1,0,0,1,0,0,0
03/04/2028,4,2,0,630.9,692.8,114.49,753,635,558,431,666,594.25,135.19,0,0,1,0,1,0,0,0
10/04/2028,4,2,0,634.0,682.4,113.1,609,753,635,558,431,638.75,82.61,0,1,0,0,0,0,1,0
17/04/2028,4,2,0,634.3,651.4,112.88,534,609,753,635,558,632.75,90.89,1,0,0,0,1,0,0,0
24/04/2028,4,2,0,631.8,642.2,114.91,673,534,609,753,635,642.25,93.16,0,1,0,0,0,1,0,0
01/05/2028,5,2,0,626.4,600.9,114.28,617,673,534,609,753,608.25,57.1,0,0,1,0,0,1,0,0
08/05/2028,5,2,0,618.8,686.2,115.12,553,617,673,534,609,594.25,63.38,1,0,0,0,1,0,0,0
15/05/2028,5,2,0,609.1,531.4,115.68,702,553,617,673,534,636.25,65.76,1,0,0,0,0,0,0,1
22/05/2028,5,2,0,598.2,547.6,117.34,716,702,553,617,673,647.0,76.42,1,0,0,0,0,1,0,0
29/05/2028,5,2,0,586.5,601.9,117.51,475,716,702,553,617,611.5,117.14,1,0,0,0,0,0,1,0
05/06/2028,6,2,0,574.8,499.8,117.29,591,475,716,702,553,621.0,112.25,0,1,0,0,0,1,0,0
12/06/2028,6,2,0,563.9,567.5,115.85,664,591,475,716,702,611.5,104.45,0,0,1,0,1,0,0,0
19/06/2028,6,2,0,554.2,599.1,115.18,636,664,591,475,716,591.5,83.28,0,1,0,0,0,1,0,0
26/06/2028,6,2,0,546.6,505.0,115.14,523,636,664,591,475,603.5,61.52,1,0,0,0,1,0,0,0
03/07/2028,7,3,0,541.2,581.4,113.77,560,523,636,664,591,595.75,65.44,0,1,0,0,0,1,0,0
10/07/2028,7,3,0,538.7,479.1,114.33,438,560,523,636,664,539.25,82.27,1,0,0,0,0,0,1,0
17/07/2028,7,3,0,539.0,610.7,114.6,497,438,560,523,636,504.5,51.32,1,0,0,0,1,0,0,0
24/07/2028,7,3,0,542.1,588.7,114.38,451,497,438,560,523,486.5,55.15,0,1,0,1,0,0,0,0
31/07/2028,7,3,0,548.1,591.0,117.32,546,451,497,438,560,483.0,49.04,0,0,1,1,0,0,0,0
07/08/2028,8,3,0,556.3,500.4,117.34,651,546,451,497,438,536.25,85.77,0,0,1,0,0,0,0,1
14/08/2028,8,3,0,566.6,544.4,118.62,486,651,546,451,497,533.5,87.61,0,1,0,0,0,0,1,0
21/08/2028,8,3,0,578.1,604.7,120.69,568,486,651,546,451,562.75,68.28,0,1,0,0,0,0,0,1
28/08/2028,8,3,0,590.4,595.3,121.22,659,568,486,651,546,591.0,81.2,0,1,0,0,0,0,1,0
04/09/2028,9,3,0,602.7,628.3,121.2,662,659,568,486,651,593.75,84.04,0,0,1,0,0,1,0,0
11/09/2028,9,3,0,614.2,629.6,121.21,666,662,659,568,486,638.75,47.25,1,0,0,0,0,1,0,0
18/09/2028,9,3,0,624.5,557.2,120.95,658,666,662,659,568,661.25,3.59,0,1,0,1,0,0,0,0
25/09/2028,9,3,0,632.7,589.4,120.03,554,658,666,662,659,635.0,54.1,0,1,0,0,0,0,0,1
02/10/2028,10,4,0,638.7,730.5,119.35,587,554,658,666,662,616.25,54.62,0,1,0,0,0,0,0,1
09/10/2028,10,4,0,641.8,613.9,119.74,750,587,554,658,666,637.25,86.79,1,0,0,1,0,0,0,0
16/10/2028,10,4,0,642.1,697.5,118.93,549,750,587,554,658,610.0,94.84,0,1,0,1,0,0,0,0
23/10/2028,10,4,0,639.6,731.1,119.79,654,549,750,587,554,635.0,88.1,1,0,0,1,0,0,0,0
30/10/2028,10,4,0,634.2,666.0,121.79,647,654,549,750,587,650.0,82.11,0,0,1,0,0,0,1,0
06/11/2028,11,4,0,626.6,694.4,121.64,539,647,654,549,750,597.25,61.69,0,0,1,0,0,0,1,0
13/11/2028,11,4,0,616.9,624.1,124.04,684,539,647,654,549,631.0,63.4,0,0,1,0,0,0,0,1
20/11/2028,11,4,0,606.0,537.5,123.21,657,684,539,647,654,631.75,63.78,0,1,0,0,1,0,0,0
27/11/2028,11,4,0,594.3,664.2,124.28,656,657,684,539,647,634.0,64.65,0,1,0,0,0,0,0,1
04/12/2028,12,4,0,582.6,504.3,123.68,652,656,657,684,539,662.25,14.66,0,1,0,0,0,0,1,0
11/12/2028,12,4,0,571.7,620.1,122.65,557,652,656,657,684,630.5,49.05,0,0,1,1,0,0,0,0
18/12/2028,12,4,0,562.0,638.2,123.13,665,557,652,656,657,632.5,50.63,1,0,0,0,0,0,0,1
25/12/2028,12,4,0,554.4,623.5,121.2,483,665,557,652,656,589.25,85.64,0,1,0,0,0,1,0,0
01/01/2029,1,1,0,549.0,553.2,121.24,446,483,665,557,652,537.75,96.57,0,0,1,0,1,0,0,0
08/01/2029,1,1,0,546.5,526.9,118.79,550,446,483,665,557,536.0,96.17,0,1,0,1,0,0,0,0
15/01/2029,1,1,0,546.8,494.4,120.17,558,550,446,483,665,509.25,53.93,0,0,1,1,0,0,0,0
22/01/2029,1,1,0,549.9,468.1,119.61,496,558,550,446,483,512.5,52.19,0,1,0,0,0,0,0,1
29/01/2029,1,1,0,555.9,556.7,120.81,601,496,558,550,446,551.25,43.11,0,1,0,0,0,0,0,1
05/02/2029,2,1,0,564.1,563.6,121.62,515,601,496,558,550,542.5,46.84,0,0,1,0,0,0,0,1
12/02/2029,2,1,0,574.4,491.6,121.8,637,515,601,496,558,562.25,67.6,1,0,0,0,1,0,0,0
19/02/2029,2,1,0,585.9,632.6,121.26,645,637,515,601,496,599.5,59.5,0,0,1,0,0,1,0,0
26/02/2029,2,1,0,598.2,662.3,121.87,529,645,637,515,601,581.5,69.02,0,1,0,0,0,1,0,0
05/03/2029,3,1,0,610.5,541.0,120.26,712,529,645,637,515,630.75,75.71,1,0,0,0,0,1,0,0
12/03/2029,3,1,0,622.0,588.9,119.28,666,712,529,645,637,638.0,77.87,1,0,0,0,0,1,0,0
19/03/2029,3,1,0,632.3,677.1,118.59,725,666,712,529,645,658.0,89.65,0,0,1,1,0,0,0,0
26/03/2029,3,1,0,640.5,568.4,117.06,556,725,666,712,529,664.75,76.79,0,0,1,0,0,0,0,1
02/04/2029,4,2,0,646.5,610.3,115.77,691,556,725,666,712,659.5,73.11,0,1,0,0,1,0,0,0
09/04/2029,4,2,0,649.6,633.0,115.28,642,691,556,725,666,653.5,73.39,0,1,0,0,1,0,0,0
16/04/2029,4,2,0,649.9,576.7,116.65,644,642,691,556,725,633.25,56.26,0,1,0,0,1,0,0,0
23/04/2029,4,2,0,647.4,565.8,117.02,758,644,642,691,556,683.75,54.43,1,0,0,0,0,0,1,0
30/04/2029,4,2,0,642.0,591.0,116.07,764,758,644,642,691,702.0,68.18,0,1,0,0,0,0,0,1
07/05/2029,5,2,0,634.4,719.5,116.62,563,764,758,644,642,682.25,96.79,0,1,0,1,0,0,0,0
14/05/2029,5,2,0,624.7,531.1,118.95,656,563,764,758,644,685.25,95.38,0,1,0,1,0,0,0,0
21/05/2029,5,2,0,613.8,637.7,118.59,721,656,563,764,758,676.0,87.44,0,1,0,0,0,0,0,1
28/05/2029,5,2,0,602.1,639.6,119.67,610,721,656,563,764,637.5,67.38,1,0,0,0,0,0,0,1
04/06/2029,6,2,0,590.4,526.3,119.74,685,610,721,656,563,668.0,46.93,0,1,0,0,0,0,0,1
11/06/2029,6,2,0,579.5,493.7,118.13,665,685,610,721,656,670.25,46.37,0,0,1,0,0,0,1,0
18/06/2029,6,2,0,569.8,509.2,117.77,456,665,685,610,721,604.0,103.64,0,1,0,0,1,0,0,0
25/06/2029,6,2,0,562.2,619.6,116.91,575,456,665,685,610,595.25,104.44,0,0,1,0,0,0,0,1
02/07/2029,7,3,0,556.8,546.7,116.47,604,575,456,665,685,575.0,87.75,0,1,0,0,1,0,0,0
09/07/2029,7,3,0,554.3,518.1,116.78,553,604,575,456,665,547.0,64.16,0,1,0,0,0,1,0,0
16/07/2029,7,3,0,554.6,535.7,117.44,568,553,604,575,456,575.0,21.4,1,0,0,0,0,0,1,0
23/07/2029,7,3,0,557.7,551.9,116.45,546,568,553,604,575,567.75,25.85,1,0,0,0,0,0,1,0
30/07/2029,7,3,0,563.7,640.2,117.56,536,546,568,553,604,550.75,13.45,1,0,0,1,0,0,0,0
06/08/2029,8,3,0,571.9,656.8,120.28,465,536,546,568,553,528.75,44.55,0,1,0,0,0,0,1,0
13/08/2029,8,3,0,582.2,608.0,121.68,625,465,536,546,568,543.0,65.49,0,0,1,0,1,0,0,0
20/08/2029,8,3,0,593.7,545.1,122.66,587,625,465,536,546,553.25,69.22,0,0,1,0,0,0,1,0
27/08/2029,8,3,0,606.0,581.3,122.03,616,587,625,465,536,573.25,73.97,0,1,0,0,0,1,0,0
03/09/2029,9,3,0,618.3,559.4,123.68,497,616,587,625,465,581.25,58.46,1,0,0,0,1,0,0,0
10/09/2029,9,3,0,629.8,710.7,122.93,562,497,616,587,625,565.5,50.72,1,0,0,0,0,0,0,1
17/09/2029,9,3,0,640.1,583.3,121.97,535,562,497,616,587,552.5,50.03,0,1,0,0,0,0,1,0
24/09/2029,9,3,0,648.3,630.3,122.12,599,535,562,497,616,548.25,43.08,0,1,0,0,1,0,0,0
01/10/2029,10,4,0,654.3,730.2,120.48,549,599,535,562,497,561.25,27.48,0,0,1,0,0,0,0,1
08/10/2029,10,4,0,657.4,606.5,121.96,558,549,599,535,562,560.25,27.51,1,0,0,1,0,0,0,0
15/10/2029,10,4,0,657.7,628.7,120.89,580,558,549,599,535,571.5,22.49,1,0,0,1,0,0,0,0
22/10/2029,10,4,0,655.2,580.3,122.6,531,580,558,549,599,554.5,20.37,1,0,0,0,0,0,1,0
29/10/2029,10,4,0,649.8,625.0,123.99,563,531,580,558,549,558.0,20.31,0,1,0,0,0,0,1,0
05/11/2029,11,4,0,642.2,722.3,124.48,564,563,531,580,558,559.5,20.53,1,0,0,1,0,0,0,0
12/11/2029,11,4,0,632.5,694.6,124.69,579,564,563,531,580,559.25,20.21,0,1,0,0,0,1,0,0
19/11/2029,11,4,0,621.6,608.7,126.68,735,579,564,563,531,610.25,83.49,0,1,0,1,0,0,0,0
26/11/2029,11,4,0,609.9,619.5,126.7,641,735,579,564,563,629.75,77.68,0,0,1,1,0,0,0,0
03/12/2029,12,4,0,598.2,547.3,126.82,515,641,735,579,564,617.5,93.71,0,1,0,0,0,1,0,0
10/12/2029,12,4,0,587.3,576.7,126.08,482,515,641,735,579,593.25,116.72,0,0,1,0,0,0,1,0
17/12/2029,12,4,0,577.6,504.3,123.6,474,482,515,641,735,528.0,77.4,0,1,0,1,0,0,0,0
24/12/2029,12,4,0,570.0,567.2,123.51,496,474,482,515,641,491.75,17.97,1,0,0,1,0,0,0,0
31/12/2029,12,4,0,564.6,512.3,122.67,484,496,474,482,515,484.0,9.09,1,0,0,0,0,0,1,0
07/01/2030,1,1,0,562.1,627.4,121.48,563,484,496,474,482,504.25,40.19,0,1,0,0,1,0,0,0
14/01/2030,1,1,0,562.4,576.7,121.47,674,563,484,496,474,554.25,87.07,0,1,0,0,0,0,0,1
21/01/2030,1,1,0,565.5,583.1,121.58,600,674,563,484,496,580.25,79.04,0,0,1,0,1,0,0,0
28/01/2030,1,1,0,571.5,583.0,123.01,657,600,674,563,484,623.5,51.27,1,0,0,0,0,0,0,1
04/02/2030,2,1,0,579.7,575.8,123.56,641,657,600,674,563,643.0,31.68,0,1,0,0,0,0,0,1
11/02/2030,2,1,0,590.0,639.9,124.02,523,641,657,600,674,605.25,59.86,0,0,1,0,0,1,0,0
18/02/2030,2,1,1,601.5,681.6,123.39,378,523,641,657,600,549.75,129.15,0,0,1,0,0,0,1,0
25/02/2030,2,1,0,613.8,651.9,123.73,633,378,523,641,657,543.75,122.92,0,0,1,0,0,1,0,0
04/03/2030,3,1,0,626.1,550.8,123.98,552,633,378,523,641,521.5,106.39,0,1,0,0,0,1,0,0
11/03/2030,3,1,0,637.6,680.9,122.9,558,552,633,378,523,530.25,107.98,0,0,1,1,0,0,0,0
18/03/2030,3,1,0,647.9,714.7,121.96,650,558,552,633,378,598.25,50.48,1,0,0,0,0,0,0,1
25/03/2030,3,1,0,656.1,669.2,119.49,537,650,558,552,633,574.25,51.27,0,1,0,0,1,0,0,0
01/04/2030,4,2,0,662.1,754.6,118.1,794,537,650,558,552,634.75,116.96,1,0,0,0,1,0,0,0
08/04/2030,4,2,0,665.2,719.0,118.83,775,794,537,650,558,689.0,119.79,0,1,0,0,0,0,0,1
15/04/2030,4,2,0,665.5,679.3,117.15,572,775,794,537,650,669.5,133.78,1,0,0,0,0,0,1,0
22/04/2030,4,2,0,663.0,696.0,119.17,693,572,775,794,537,708.5,101.0,0,1,0,0,1,0,0,0
29/04/2030,4,2,0,657.6,671.1,119.14,607,693,572,775,794,661.75,91.02,0,0,1,1,0,0,0,0
06/05/2030,5,2,0,650.0,654.7,119.41,725,607,693,572,775,649.25,71.66,0,1,0,0,0,0,1,0
13/05/2030,5,2,0,640.3,614.9,121.03,740,725,607,693,572,691.25,59.49,0,0,1,0,0,1,0,0
20/05/2030,5,2,0,629.4,556.8,120.15,584,740,725,607,693,664.0,79.89,1,0,0,0,0,0,0,1
27/05/2030,5,2,0,617.7,668.9,121.53,701,584,740,725,607,687.5,70.84,0,1,0,0,0,0,0,1
03/06/2030,6,2,0,606.0,696.5,121.63,498,701,584,740,725,630.75,110.57,1,0,0,0,1,0,0,0
10/06/2030,6,2,0,595.1,681.1,120.94,600,498,701,584,740,595.75,83.24,0,1,0,0,1,0,0,0
17/06/2030,6,2,0,585.4,661.7,119.2,500,600,498,701,584,574.75,96.7,0,1,0,1,0,0,0,0
24/06/2030,6,2,0,577.8,598.0,118.87,472,500,600,498,701,517.5,56.46,0,1,0,0,0,1,0,0
01/07/2030,7,3,0,572.4,497.0,118.89,619,472,500,600,498,547.75,72.63,1,0,0,0,0,0,0,1
08/07/2030,7,3,0,569.9,604.3,117.99,614,619,472,500,600,551.25,76.23,0,1,0,0,0,0,1,0
15/07/2030,7,3,0,570.2,541.5,118.46,577,614,619,472,500,570.5,68.29,0,1,0,1,0,0,0,0
22/07/2030,7,3,0,573.3,588.5,120.47,640,577,614,619,472,612.5,26.21,0,1,0,1,0,0,0,0
29/07/2030,7,3,0,579.3,546.3,120.16,682,640,577,614,619,628.25,44.18,1,0,0,0,1,0,0,0
05/08/2030,8,3,0,587.5,673.7,122.52,625,682,640,577,614,631.0,43.34,0,0,1,0,1,0,0,0
12/08/2030,8,3,0,597.8,592.7,123.91,639,625,682,640,577,646.5,24.64,1,0,0,1,0,0,0,0
19/08/2030,8,3,0,609.3,653.0,124.53,557,639,625,682,640,625.75,51.85,0,1,0,1,0,0,0,0
26/08/2030,8,3,0,621.6,698.2,123.91,672,557,639,625,682,623.25,48.36,1,0,0,0,0,0,1,0
02/09/2030,9,3,0,633.9,558.1,124.43,625,672,557,639,625,623.25,48.36,1,0,0,0,0,0,0,1
09/09/2030,9,3,0,645.4,591.1,124.12,604,625,672,557,639,614.5,47.72,1,0,0,0,0,0,1,0
16/09/2030,9,3,0,655.7,698.9,124.03,714,604,625,672,557,653.75,49.21,0,1,0,0,0,1,0,0
23/09/2030,9,3,0,663.9,615.8,122.74,566,714,604,625,672,627.25,62.78,0,1,0,0,0,1,0,0
30/09/2030,9,3,0,669.9,655.0,123.59,586,566,714,604,625,617.5,66.18,1,0,0,0,0,0,1,0
07/10/2030,10,4,0,673.0,758.4,123.36,687,586,566,714,604,638.25,73.18,0,1,0,1,0,0,0,0
14/10/2030,10,4,0,673.3,755.9,124.22,766,687,586,566,714,651.25,93.04,0,1,0,0,1,0,0,0
21/10/2030,10,4,0,670.8,763.0,124.88,793,766,687,586,566,708.0,92.94,0,1,0,0,0,0,0,1
28/10/2030,10,4,0,665.4,623.0,125.22,577,793,766,687,586,705.75,96.9,0,0,1,1,0,0,0,0
04/11/2030,11,4,0,657.8,718.9,125.58,783,577,793,766,687,729.75,102.44,0,1,0,0,0,1,0,0
11/11/2030,11,4,0,648.1,742.7,126.53,676,783,577,793,766,707.25,101.71,1,0,0,0,1,0,0,0
18/11/2030,11,4,1,637.2,643.3,127.57,383,676,783,577,793,604.75,170.09,1,0,0,0,0,0,1,0
25/11/2030,11,4,0,625.5,700.3,129.23,741,383,676,783,577,645.75,180.61,1,0,0,0,0,0,1,0
02/12/2030,12,4,0,613.8,653.8,127.28,669,741,383,676,783,617.25,159.5,0,1,0,0,0,0,0,1
09/12/2030,12,4,0,602.9,601.6,128.16,530,669,741,383,676,580.75,158.27,0,1,0,0,1,0,0,0
16/12/2030,12,4,0,593.2,615.3,127.22,674,530,669,741,383,653.5,88.64,0,1,0,1,0,0,0,0
23/12/2030,12,4,0,585.6,522.5,126.13,627,674,530,669,741,625.0,66.75,1,0,0,0,0,1,0,0
30/12/2030,12,4,0,580.2,541.4,124.84,644,627,674,530,669,618.75,62.28,0,0,1,0,0,0,0,1
06/01/2031,1,1,0,577.7,662.3,124.54,660,644,627,674,530,651.25,20.29,0,1,0,1,0,0,0,0
13/01/2031,1,1,0,578.0,649.1,123.62,534,660,644,627,674,616.25,56.46,1,0,0,1,0,0,0,0
20/01/2031,1,1,0,581.1,563.8,123.74,523,534,660,644,627,590.25,71.74,1,0,0,0,0,0,1,0
27/01/2031,1,1,0,587.1,545.3,124.16,562,523,534,660,644,569.75,62.37,0,1,0,0,0,0,0,1
03/02/2031,2,1,0,595.3,668.8,125.49,698,562,523,534,660,579.25,80.85,0,1,0,0,0,0,1,0
10/02/2031,2,1,0,605.6,665.9,125.82,491,698,562,523,534,568.5,91.08,0,1,0,0,0,0,0,1
17/02/2031,2,1,0,617.1,541.8,125.13,707,491,698,562,523,614.5,105.73,1,0,0,0,0,0,1,0
24/02/2031,2,1,0,629.4,596.6,126.64,507,707,491,698,562,600.75,117.73,0,1,0,1,0,0,0,0
03/03/2031,3,1,0,641.7,584.3,125.71,514,507,707,491,698,554.75,101.96,0,1,0,0,1,0,0,0
10/03/2031,3,1,0,653.2,670.4,125.27,700,514,507,707,491,607.0,111.5,0,1,0,0,0,1,0,0
17/03/2031,3,1,0,663.5,693.4,122.28,793,700,514,507,707,628.5,141.47,0,0,1,0,0,1,0,0
24/03/2031,3,1,0,671.7,646.9,122.12,692,793,700,514,507,674.75,116.56,1,0,0,0,0,0,0,1
31/03/2031,3,1,0,677.7,731.6,121.4,675,692,793,700,514,715.0,53.03,0,0,1,0,0,0,0,1
07/04/2031,4,2,0,680.8,760.8,119.5,698,675,692,793,700,714.5,53.23,0,1,0,0,0,0,1,0
14/04/2031,4,2,0,681.1,746.7,120.14,617,698,675,692,793,670.5,36.97,0,0,1,0,1,0,0,0
21/04/2031,4,2,0,678.6,621.9,120.82,807,617,698,675,692,699.25,79.51,0,1,0,1,0,0,0,0
28/04/2031,4,2,0,673.2,633.1,121.5,756,807,617,698,675,719.5,81.56,0,1,0,0,0,0,1,0
05/05/2031,5,2,0,665.6,650.9,121.05,567,756,807,617,698,686.75,113.23,0,0,1,0,0,1,0,0
12/05/2031,5,2,0,655.9,733.1,123.16,775,567,756,807,617,726.25,108.23,0,0,1,0,0,1,0,0
19/05/2031,5,2,0,645.0,637.1,123.03,761,775,567,756,807,714.75,98.83,1,0,0,0,1,0,0,0
26/05/2031,5,2,0,633.3,604.4,122.68,743,761,775,567,756,711.5,97.22,0,1,0,0,1,0,0,0
02/06/2031,6,2,0,621.6,563.1,124.03,609,743,761,775,567,722.0,76.46,0,1,0,0,0,1,0,0
09/06/2031,6,2,0,610.7,608.0,121.84,549,609,743,761,775,665.5,103.1,1,0,0,0,1,0,0,0
16/06/2031,6,2,0,601.0,649.9,122.06,507,549,609,743,761,602.0,102.9,0,1,0,0,0,1,0,0
23/06/2031,6,2,0,593.4,658.8,121.77,642,507,549,609,743,576.75,60.37,0,1,0,0,0,0,1,0
30/06/2031,6,2,0,588.0,645.0,120.3,576,642,507,549,609,568.5,56.63,0,0,1,0,0,1,0,0
07/07/2031,7,3,0,585.5,642.7,120.39,559,576,642,507,549,571.0,55.7,0,1,0,1,0,0,0,0
14/07/2031,7,3,0,585.8,652.7,120.51,531,559,576,642,507,577.0,47.14,1,0,0,0,0,0,0,1
21/07/2031,7,3,0,588.9,536.8,121.83,519,531,559,576,642,546.25,25.97,0,0,1,0,0,1,0,0
28/07/2031,7,3,0,594.9,621.8,122.2,653,519,531,559,576,565.5,60.69,0,0,1,0,0,1,0,0
04/08/2031,8,3,0,603.1,688.5,124.89,518,653,519,531,559,555.25,65.43,0,1,0,1,0,0,0,0
11/08/2031,8,3,0,613.4,649.9,124.9,543,518,653,519,531,558.25,64.22,0,1,0,0,0,0,1,0
18/08/2031,8,3,0,624.9,656.6,125.6,668,543,518,653,519,595.5,75.99,0,1,0,0,0,0,1,0
25/08/2031,8,3,0,637.2,605.1,126.17,555,668,543,518,653,571.0,66.48,0,0,1,0,0,0,1,0
01/09/2031,9,3,0,649.5,654.2,127.91,583,555,668,543,518,587.25,56.38,1,0,0,0,0,0,0,1
08/09/2031,9,3,0,661.0,650.1,126.54,776,583,555,668,543,645.5,99.39,1,0,0,1,0,0,0,0
15/09/2031,9,3,0,671.3,575.5,126.85,792,776,583,555,668,676.5,124.83,0,0,1,0,0,0,0,1
22/09/2031,9,3,0,679.5,711.3,126.47,647,792,776,583,555,699.5,101.22,0,1,0,0,0,0,1,0
29/09/2031,9,3,0,685.5,754.0,125.75,653,647,792,776,583,717.0,77.68,1,0,0,0,0,0,1,0
06/10/2031,10,4,0,688.6,611.9,124.81,565,653,647,792,776,664.25,94.15,0,1,0,0,0,1,0,0
13/10/2031,10,4,0,688.9,635.6,125.14,777,565,653,647,792,660.5,87.43,0,1,0,1,0,0,0,0
20/10/2031,10,4,0,686.4,589.0,125.89,820,777,565,653,647,703.75,116.49,0,0,1,0,1,0,0,0
27/10/2031,10,4,0,681.0,722.2,128.13,550,820,777,565,653,678.0,140.38,1,0,0,0,0,1,0,0
03/11/2031,11,4,0,673.4,771.1,128.36,590,550,820,777,565,684.25,134.09,0,0,1,1,0,0,0,0
10/11/2031,11,4,0,663.7,612.2,130.11,662,590,550,820,777,655.5,119.06,1,0,0,1,0,0,0,0
17/11/2031,11,4,0,652.8,725.0,129.94,703,662,590,550,820,626.25,69.03,1,0,0,0,0,1,0,0
24/11/2031,11,4,0,641.1,601.7,130.26,673,703,662,590,550,657.0,47.91,1,0,0,0,0,1,0,0
01/12/2031,12,4,0,629.4,699.2,130.26,506,673,703,662,590,636.0,88.38,1,0,0,0,0,0,1,0
08/12/2031,12,4,0,618.5,698.8,128.89,558,506,673,703,662,610.0,93.34,0,0,1,0,0,0,1,0
15/12/2031,12,4,0,608.8,631.9,127.76,675,558,506,673,703,603.0,84.69,0,0,1,1,0,0,0,0
22/12/2031,12,4,0,601.2,661.5,127.07,555,675,558,506,673,573.5,71.74,0,1,0,0,1,0,0,0
29/12/2031,12,4,0,595.8,633.4,125.98,614,555,675,558,506,600.5,56.6,0,0,1,1,0,0,0,0
05/01/2032,1,1,0,593.3,679.8,125.12,686,614,555,675,558,632.5,60.6,1,0,0,0,0,0,1,0
12/01/2032,1,1,0,593.6,554.9,125.68,512,686,614,555,675,591.75,75.47,0,1,0,0,0,0,0,1
19/01/2032,1,1,0,596.7,515.8,125.99,627,512,686,614,555,609.75,72.31,0,1,0,0,0,1,0,0
26/01/2032,1,1,0,602.7,589.6,126.67,598,627,512,686,614,605.75,72.44,0,1,0,0,1,0,0,0
02/02/2032,2,1,0,610.9,626.4,126.97,621,598,627,512,686,589.5,53.16,1,0,0,1,0,0,0,0
09/02/2032,2,1,0,621.2,638.3,128.27,517,621,598,627,512,590.75,50.73,1,0,0,0,1,0,0,0
16/02/2032,2,1,0,632.7,683.3,128.78,588,517,621,598,627,581.0,44.85,1,0,0,1,0,0,0,0
23/02/2032,2,1,0,645.0,613.2,128.38,703,588,517,621,598,607.25,77.19,1,0,0,1,0,0,0,0
01/03/2032,3,1,1,657.3,633.2,127.03,677,703,588,517,621,621.25,85.18,0,1,0,0,1,0,0,0
08/03/2032,3,1,1,668.8,592.4,126.76,463,677,703,588,517,607.75,108.34,1,0,0,1,0,0,0,0
15/03/2032,3,1,0,679.1,599.4,125.79,617,463,677,703,588,615.0,107.54,1,0,0,0,0,1,0,0
22/03/2032,3,1,0,687.3,774.1,124.08,812,617,463,677,703,642.25,144.67,0,1,0,0,0,0,0,1
29/03/2032,3,1,0,693.3,748.0,122.63,562,812,617,463,677,613.5,146.88,0,1,0,0,0,0,0,1
05/04/2032,4,2,0,696.4,672.7,122.46,714,562,812,617,463,676.25,110.18,0,1,0,0,1,0,0,0
12/04/2032,4,2,0,696.7,703.2,122.52,647,714,562,812,617,683.75,105.73,1,0,0,0,0,0,1,0
19/04/2032,4,2,0,694.2,619.2,122.99,583,647,714,562,812,626.5,68.63,1,0,0,1,0,0,0,0
26/04/2032,4,2,0,688.8,791.8,123.42,779,583,647,714,562,680.75,84.56,0,1,0,0,0,1,0,0
03/05/2032,5,2,0,681.2,606.7,124.12,702,779,583,647,714,677.75,83.19,1,0,0,0,0,1,0,0
10/05/2032,5,2,0,671.5,767.3,124.44,634,702,779,583,647,674.5,85.03,1,0,0,0,0,0,0,1
17/05/2032,5,2,0,660.6,617.9,126.04,673,634,702,779,583,697.0,61.36,0,1,0,0,0,0,1,0
24/05/2032,5,2,0,648.9,694.1,124.79,722,673,634,702,779,682.75,38.22,0,1,0,0,0,1,0,0
31/05/2032,5,2,1,637.2,686.4,124.46,555,722,673,634,702,646.0,70.55,0,1,0,1,0,0,0,0
07/06/2032,6,2,0,626.3,590.9,124.64,562,555,722,673,634,628.0,82.76,0,1,0,0,0,0,1,0
14/06/2032,6,2,0,616.6,633.9,124.97,512,562,555,722,673,587.75,92.19,1,0,0,0,0,0,1,0
21/06/2032,6,2,0,609.0,682.2,122.54,578,512,562,555,722,551.75,28.19,0,1,0,0,0,1,0,0
28/06/2032,6,2,0,603.6,519.0,122.21,525,578,512,562,555,544.25,30.9,0,1,0,0,0,0,0,1
05/07/2032,7,3,0,601.1,582.6,122.31,673,525,578,512,562,572.0,73.13,0,1,0,0,1,0,0,0
12/07/2032,7,3,0,601.4,513.5,122.54,606,673,525,578,512,595.5,61.63,0,1,0,0,1,0,0,0
19/07/2032,7,3,0,604.5,558.9,123.02,645,606,673,525,578,612.25,64.33,0,1,0,1,0,0,0,0
26/07/2032,7,3,0,610.5,547.2,125.49,684,645,606,673,525,652.0,34.79,0,0,1,1,0,0,0,0
02/08/2032,8,3,0,618.7,642.0,126.65,502,684,645,606,673,609.25,78.27,1,0,0,0,0,0,1,0
09/08/2032,8,3,1,629.0,548.5,127.67,494,502,684,645,606,581.25,97.49,1,0,0,1,0,0,0,0
16/08/2032,8,3,0,640.5,634.9,127.8,578,494,502,684,645,564.5,88.2,0,1,0,1,0,0,0,0
23/08/2032,8,3,0,652.8,736.4,129.02,742,578,494,502,684,579.0,115.07,0,0,1,1,0,0,0,0
30/08/2032,8,3,0,665.1,694.4,129.95,683,742,578,494,502,624.25,110.18,0,1,0,0,0,1,0,0
06/09/2032,9,3,0,676.6,602.3,128.7,765,683,742,578,494,692.0,83.48,1,0,0,0,0,0,1,0
13/09/2032,9,3,0,686.9,714.4,127.87,810,765,683,742,578,750.0,52.85,0,1,0,0,0,0,1,0
20/09/2032,9,3,0,695.1,772.0,128.88,569,810,765,683,742,706.75,105.82,1,0,0,1,0,0,0,0
27/09/2032,9,3,0,701.1,753.0,127.59,816,569,810,765,683,740.0,116.25,0,1,0,0,0,0,1,0
04/10/2032,10,4,0,704.2,706.9,128.31,599,816,569,810,765,698.5,132.8,0,1,0,1,0,0,0,0
11/10/2032,10,4,0,704.5,626.4,126.78,828,599,816,569,810,703.0,138.04,1,0,0,1,0,0,0,0
18/10/2032,10,4,1,702.0,786.1,128.48,748,828,599,816,569,747.75,105.24,1,0,0,0,0,0,1,0
25/10/2032,10,4,0,696.6,756.0,130.11,559,748,828,599,816,683.5,126.07,0,1,0,0,0,0,1,0
01/11/2032,11,4,0,689.0,701.2,129.55,674,559,748,828,599,702.25,114.35,0,0,1,0,1,0,0,0
08/11/2032,11,4,0,679.3,700.7,132.44,569,674,559,748,828,637.5,90.18,0,1,0,1,0,0,0,0
15/11/2032,11,4,0,668.4,657.8,131.92,722,569,674,559,748,631.0,79.91,0,1,0,0,1,0,0,0
22/11/2032,11,4,0,656.7,682.0,131.74,724,722,569,674,559,672.25,72.61,0,1,0,0,0,0,0,1
29/11/2032,11,4,0,645.0,565.8,132.29,596,724,722,569,674,652.75,81.87,1,0,0,0,0,1,0,0
06/12/2032,12,4,0,634.1,581.2,132.18,716,596,724,722,569,689.5,62.43,1,0,0,0,1,0,0,0
13/12/2032,12,4,0,624.4,535.1,131.52,678,716,596,724,722,678.5,58.55,1,0,0,0,0,0,0,1
20/12/2032,12,4,0,616.8,641.2,129.37,701,678,716,596,724,672.75,53.5,0,1,0,0,0,0,1,0
27/12/2032,12,4,1,611.4,587.7,128.62,571,701,678,716,596,666.5,65.56,1,0,0,0,1,0,0,0
03/01/2033,1,1,0,608.9,651.0,128.13,490,571,701,678,716,610.0,98.02,0,1,0,0,1,0,0,0
10/01/2033,1,1,0,609.2,591.6,127.9,650,490,571,701,678,603.0,92.39,0,1,0,0,1,0,0,0
17/01/2033,1,1,0,612.3,596.8,129.08,548,650,490,571,701,564.75,66.27,1,0,0,0,0,1,0,0
24/01/2033,1,1,0,618.3,687.5,129.13,689,548,650,490,571,594.25,91.46,0,1,0,0,0,1,0,0
31/01/2033,1,1,0,626.5,689.6,130.18,655,689,548,650,490,635.5,60.85,0,1,0,0,0,0,0,1
07/02/2033,2,1,0,636.8,600.5,129.27,648,655,689,548,650,635.0,60.7,1,0,0,0,0,1,0,0
14/02/2033,2,1,0,648.3,609.3,129.26,641,648,655,689,548,658.25,21.28,1,0,0,0,0,0,1,0
21/02/2033,2,1,0,660.6,676.9,130.17,767,641,648,655,689,677.75,59.77,0,1,0,0,0,0,0,1
28/02/2033,2,1,0,672.9,641.8,130.1,719,767,641,648,655,693.75,60.22,0,1,0,0,0,1,0,0
07/03/2033,3,1,0,684.4,659.2,128.36,782,719,767,641,648,727.25,63.47,1,0,0,0,1,0,0,0
14/03/2033,3,1,1,694.7,602.8,127.88,595,782,719,767,641,715.75,84.87,0,1,0,0,1,0,0,0
21/03/2033,3,1,0,702.9,799.1,126.98,727,595,782,719,767,705.75,78.97,1,0,0,0,0,0,1,0
28/03/2033,3,1,0,708.9,794.4,125.7,739,727,595,782,719,710.75,80.7,1,0,0,0,0,1,0,0
04/04/2033,4,2,0,712.0,815.5,124.31,716,739,727,595,782,694.25,66.83,1,0,0,1,0,0,0,0
11/04/2033,4,2,0,712.3,652.0,124.08,760,716,739,727,595,735.5,18.84,1,0,0,0,1,0,0,0
18/04/2033,4,2,0,709.8,654.5,124.19,748,760,716,739,727,740.75,18.61,1,0,0,0,1,0,0,0
25/04/2033,4,2,1,704.4,754.6,124.84,406,748,760,716,739,657.5,168.69,1,0,0,0,1,0,0,0
02/05/2033,5,2,0,696.8,747.6,126.16,765,406,748,760,716,669.75,175.98,0,1,0,0,0,1,0,0
09/05/2033,5,2,0,687.1,657.9,127.61,801,765,406,748,760,680.0,184.0,1,0,0,1,0,0,0,0
16/05/2033,5,2,0,676.2,709.9,126.99,602,801,765,406,748,643.5,180.46,0,1,0,0,0,0,1,0
23/05/2033,5,2,0,664.5,585.4,127.49,535,602,801,765,406,675.75,127.68,1,0,0,0,0,0,0,1
30/05/2033,5,2,0,652.8,590.3,127.61,578,535,602,801,765,629.0,117.97,0,1,0,1,0,0,0,0
06/06/2033,6,2,0,641.9,566.7,127.47,666,578,535,602,801,595.25,54.71,0,1,0,0,1,0,0,0
13/06/2033,6,2,0,632.2,675.8,126.99,654,666,578,535,602,608.25,62.47,0,1,0,0,0,0,1,0
20/06/2033,6,2,0,624.6,550.3,125.09,682,654,666,578,535,645.0,46.12,0,1,0,0,0,0,0,1
27/06/2033,6,2,0,619.2,633.6,124.17,503,682,654,666,578,626.25,82.96,1,0,0,0,0,0,0,1
04/07/2033,7,3,0,616.7,659.8,125.06,712,503,682,654,666,637.75,92.9,0,1,0,1,0,0,0,0
11/07/2033,7,3,0,617.0,673.7,124.75,736,712,503,682,654,658.25,105.83,1,0,0,0,0,1,0,0
18/07/2033,7,3,0,620.1,681.6,125.48,677,736,712,503,682,657.0,105.49,1,0,0,0,0,0,1,0
25/07/2033,7,3,0,626.1,664.8,126.38,599,677,736,712,503,681.0,59.79,1,0,0,1,0,0,0,0
01/08/2033,8,3,0,634.3,727.0,128.47,624,599,677,736,712,659.0,60.77,0,1,0,1,0,0,0,0
08/08/2033,8,3,0,644.6,579.9,130.17,768,624,599,677,736,667.0,74.78,0,1,0,1,0,0,0,0
15/08/2033,8,3,0,656.1,587.3,130.53,679,768,624,599,677,667.5,74.87,0,1,0,0,1,0,0,0
22/08/2033,8,3,0,668.4,586.4,130.2,655,679,768,624,599,681.5,61.91,1,0,0,0,1,0,0,0
29/08/2033,8,3,0,680.7,767.3,130.82,814,655,679,768,624,729.0,74.66,0,0,1,1,0,0,0,0
05/09/2033,9,3,0,692.2,651.9,130.55,698,814,655,679,768,711.5,70.56,1,0,0,0,0,1,0,0
12/09/2033,9,3,0,702.5,759.4,131.25,694,698,814,655,679,715.25,68.63,1,0,0,0,0,1,0,0
19/09/2033,9,3,0,710.7,683.5,130.58,740,694,698,814,655,736.5,55.7,1,0,0,1,0,0,0,0
26/09/2033,9,3,0,716.7,617.4,129.13,859,740,694,698,814,747.75,77.03,0,1,0,0,0,1,0,0
03/10/2033,10,4,0,719.8,761.4,130.18,581,859,740,694,698,718.5,115.05,0,0,1,0,0,0,1,0
10/10/2033,10,4,0,720.1,735.7,130.59,630,581,859,740,694,702.5,123.72,0,1,0,1,0,0,0,0
17/10/2033,10,4,0,717.6,661.5,130.29,736,630,581,859,740,701.5,123.33,0,0,1,0,0,1,0,0
24/10/2033,10,4,0,712.2,773.3,131.42,589,736,630,581,859,634.0,71.31,0,0,1,0,0,1,0,0
31/10/2033,10,4,0,704.6,799.9,132.28,788,589,736,630,581,685.75,92.1,0,1,0,0,0,0,1,0
07/11/2033,11,4,0,694.9,681.8,132.67,763,788,589,736,630,719.0,89.23,1,0,0,0,0,0,0,1
14/11/2033,11,4,0,684.0,699.4,134.47,584,763,788,589,736,681.0,109.61,1,0,0,0,0,0,0,1
21/11/2033,11,4,0,672.3,623.3,134.37,605,584,763,788,589,685.0,105.35,0,0,1,0,0,0,0,1
28/11/2033,11,4,1,660.6,614.3,134.32,522,605,584,763,788,618.5,102.58,1,0,0,0,0,0,1,0
05/12/2033,12,4,0,649.7,581.8,133.12,586,522,605,584,763,574.25,36.1,1,0,0,0,0,1,0,0
12/12/2033,12,4,0,640.0,698.9,132.6,727,586,522,605,584,610.0,85.7,0,1,0,0,1,0,0,0
19/12/2033,12,4,0,632.4,563.2,132.27,598,727,586,522,605,608.25,85.91,0,1,0,0,0,0,1,0
26/12/2033,12,4,0,627.0,698.8,130.36,602,598,727,586,522,628.25,66.18,0,1,0,0,0,0,0,1
02/01/2034,1,1,0,624.5,615.4,129.77,535,602,598,727,586,615.5,80.42,1,0,0,0,0,0,1,0
09/01/2034,1,1,0,624.8,665.8,129.02,548,535,602,598,727,570.75,34.23,0,1,0,0,0,0,1,0
16/01/2034,1,1,0,627.9,623.5,129.82,639,548,535,602,598,581.0,48.34,1,0,0,0,0,0,0,1
23/01/2034,1,1,0,633.9,618.5,131.21,536,639,548,535,602,564.5,50.02,1,0,0,0,0,0,1,0
30/01/2034,1,1,0,642.1,717.2,131.65,582,536,639,548,535,576.25,46.15,0,1,0,0,0,0,0,1
06/02/2034,2,1,0,652.4,710.0,131.43,727,582,536,639,548,621.0,82.27,1,0,0,0,1,0,0,0
13/02/2034,2,1,0,663.9,639.8,132.92,716,727,582,536,639,640.25,95.79,1,0,0,0,0,0,1,0
20/02/2034,2,1,0,676.2,724.6,132.1,659,716,727,582,536,671.0,66.4,0,0,1,0,0,0,0,1
27/02/2034,2,1,0,688.5,709.4,131.25,622,659,716,727,582,681.0,49.35,0,1,0,0,0,0,0,1
06/03/2034,3,1,0,700.0,742.6,130.88,671,622,659,716,727,667.0,38.76,1,0,0,0,1,0,0,0
13/03/2034,3,1,0,710.3,727.6,128.66,846,671,622,659,716,699.5,99.87,1,0,0,0,0,0,1,0
20/03/2034,3,1,0,718.5,701.2,128.15,677,846,671,622,659,704.0,97.82,1,0,0,0,0,0,1,0
27/03/2034,3,1,0,724.5,708.6,127.64,743,677,846,671,622,734.25,81.33,1,0,0,0,1,0,0,0
03/04/2034,4,2,0,727.6,765.1,126.5,861,743,677,846,671,781.75,87.34,0,1,0,0,0,1,0,0
10/04/2034,4,2,0,727.9,762.6,125.98,810,861,743,677,846,772.75,80.06,0,0,1,1,0,0,0,0
17/04/2034,4,2,0,725.4,767.8,126.37,811,810,861,743,677,806.25,48.42,1,0,0,0,0,0,0,1
24/04/2034,4,2,0,720.0,735.4,126.37,595,811,810,861,743,769.25,118.58,0,1,0,0,0,0,1,0
01/05/2034,5,2,0,712.4,707.0,127.46,689,595,811,810,861,726.25,104.58,0,1,0,0,0,0,0,1
08/05/2034,5,2,0,702.7,652.5,127.95,838,689,595,811,810,733.25,112.68,1,0,0,0,0,0,1,0
15/05/2034,5,2,0,691.8,656.5,128.97,787,838,689,595,811,727.25,107.69,0,1,0,0,1,0,0,0
22/05/2034,5,2,0,680.1,609.8,129.02,577,787,838,689,595,722.75,115.17,1,0,0,0,0,0,1,0
29/05/2034,5,2,0,668.4,569.0,129.92,666,577,787,838,689,717.0,117.96,0,1,0,0,0,1,0,0
05/06/2034,6,2,0,657.5,684.5,129.05,651,666,577,787,838,670.25,87.01,1,0,0,0,0,0,1,0
12/06/2034,6,2,0,647.8,598.1,127.96,669,651,666,577,787,640.75,43.22,1,0,0,1,0,0,0,0
19/06/2034,6,2,0,640.2,599.1,128.33,590,669,651,666,577,644.0,36.85,0,1,0,0,0,0,0,1
26/06/2034,6,2,0,634.8,596.5,126.06,690,590,669,651,666,650.0,43.06,0,1,0,1,0,0,0,0
03/07/2034,7,3,0,632.3,709.3,127.05,603,690,590,669,651,638.0,48.97,0,0,1,0,0,1,0,0
10/07/2034,7,3,0,632.6,635.5,126.1,618,603,690,590,669,625.25,44.66,0,1,0,0,0,0,1,0
17/07/2034,7,3,0,635.7,691.9,128.29,631,618,603,690,590,635.5,38.09,1,0,0,0,0,0,1,0
24/07/2034,7,3,0,641.7,669.6,129.56,758,631,618,603,690,652.5,71.26,1,0,0,0,0,0,1,0
31/07/2034,7,3,0,649.9,613.8,130.67,674,758,631,618,603,670.25,63.21,0,1,0,0,0,0,1,0
07/08/2034,8,3,0,660.2,605.9,131.34,552,674,758,631,618,653.75,85.92,0,0,1,0,0,1,0,0
14/08/2034,8,3,0,671.7,629.7,132.74,552,552,674,758,631,634.0,100.7,0,1,0,0,0,0,0,1
21/08/2034,8,3,0,684.0,719.4,132.41,769,552,552,674,758,636.75,105.27,0,1,0,0,1,0,0,0
28/08/2034,8,3,0,696.3,777.3,132.51,600,769,552,552,674,618.25,103.02,1,0,0,1,0,0,0,0
04/09/2034,9,3,0,707.8,766.7,132.45,694,600,769,552,552,653.75,96.86,0,1,0,0,0,1,0,0
11/09/2034,9,3,0,718.1,623.5,133.5,656,694,600,769,552,679.75,70.93,0,0,1,0,1,0,0,0
18/09/2034,9,3,0,726.3,661.0,131.23,746,656,694,600,769,674.0,61.6,0,0,1,0,0,0,1,0
25/09/2034,9,3,0,732.3,841.6,131.39,821,746,656,694,600,729.25,71.43,0,0,1,0,0,0,0,1
02/10/2034,10,4,0,735.4,627.6,131.99,823,821,746,656,694,761.5,78.94,1,0,0,0,0,0,1,0
09/10/2034,10,4,0,735.7,733.5,131.1,653,823,821,746,656,760.75,80.28,0,0,1,1,0,0,0,0
16/10/2034,10,4,0,733.2,805.5,131.98,675,653,823,821,746,743.0,91.67,0,1,0,1,0,0,0,0
23/10/2034,10,4,0,727.8,673.1,133.77,597,675,653,823,821,687.0,96.43,1,0,0,0,0,1,0,0
30/10/2034,10,4,0,720.2,639.7,134.99,644,597,675,653,823,642.25,32.86,0,1,0,0,0,0,0,1
06/11/2034,11,4,0,710.5,654.0,136.12,726,644,597,675,653,660.5,54.18,0,0,1,0,1,0,0,0
13/11/2034,11,4,0,699.6,713.3,136.24,838,726,644,597,675,701.25,105.61,1,0,0,0,0,0,1,0
20/11/2034,11,4,0,687.9,694.4,136.88,609,838,726,644,597,704.25,101.76,0,1,0,0,0,1,0,0
27/11/2034,11,4,0,676.2,714.9,137.39,701,609,838,726,644,718.5,94.22,0,1,0,0,0,0,1,0
04/12/2034,12,4,0,665.3,573.3,136.09,675,701,609,838,726,705.75,96.3,1,0,0,0,0,1,0,0
11/12/2034,12,4,0,655.6,597.9,135.05,778,675,701,609,838,690.75,69.88,0,1,0,0,0,0,1,0
18/12/2034,12,4,0,648.0,694.4,133.09,604,778,675,701,609,689.5,71.84,0,0,1,0,0,0,0,1
25/12/2034,12,4,0,642.6,649.2,133.34,602,604,778,675,701,664.75,82.78,0,1,0,0,0,1,0,0
01/01/2035,1,1,0,640.1,682.6,132.26,537,602,604,778,675,630.25,103.3,0,1,0,0,0,0,1,0
08/01/2035,1,1,0,640.4,578.7,131.69,636,537,602,604,778,594.75,41.53,1,0,0,1,0,0,0,0
15/01/2035,1,1,0,643.5,566.4,131.34,602,636,537,602,604,594.25,41.4,1,0,0,0,0,1,0,0
22/01/2035,1,1,0,649.5,722.5,133.05,737,602,636,537,602,628.0,83.47,1,0,0,0,0,1,0,0
29/01/2035,1,1,0,657.7,602.4,133.79,726,737,602,636,537,675.25,66.57,0,0,1,0,1,0,0,0
05/02/2035,2,1,1,668.0,703.7,133.59,520,726,737,602,636,646.25,104.07,0,1,0,0,1,0,0,0
12/02/2035,2,1,0,679.5,582.9,133.38,640,520,726,737,602,655.75,100.35,0,1,0,0,1,0,0,0
19/02/2035,2,1,0,691.8,700.0,133.65,752,640,520,726,737,659.5,104.59,1,0,0,0,0,0,0,1
26/02/2035,2,1,0,704.1,801.3,133.32,612,752,640,520,726,631.0,95.58,0,1,0,0,0,0,1,0
05/03/2035,3,1,0,715.6,751.1,133.39,591,612,752,640,520,648.75,71.7,0,1,0,1,0,0,0,0
12/03/2035,3,1,0,725.9,622.9,131.37,819,591,612,752,640,693.5,110.03,1,0,0,0,0,0,0,1
19/03/2035,3,1,0,734.1,703.4,131.01,722,819,591,612,752,686.0,105.65,0,0,1,0,0,0,1,0
26/03/2035,3,1,0,740.1,673.5,128.27,716,722,819,591,612,712.0,93.46,0,0,1,1,0,0,0,0
02/04/2035,4,2,0,743.2,847.3,129.02,628,716,722,819,591,721.25,78.06,0,1,0,1,0,0,0,0
09/04/2035,4,2,0,743.5,789.6,129.26,825,628,716,722,819,722.75,80.58,0,1,0,0,0,1,0,0
16/04/2035,4,2,0,741.0,640.3,129.16,722,825,628,716,722,722.75,80.58,0,1,0,0,0,0,0,1
23/04/2035,4,2,0,735.6,702.7,129.28,737,722,825,628,716,728.0,80.68,0,0,1,1,0,0,0,0
30/04/2035,4,2,0,728.0,733.5,131.03,797,737,722,825,628,770.25,48.81,0,1,0,1,0,0,0,0
07/05/2035,5,2,0,718.3,665.7,131.03,772,797,737,722,825,757.0,33.91,0,0,1,0,0,0,0,1
14/05/2035,5,2,0,707.4,658.7,131.09,736,772,797,737,722,760.5,29.54,0,1,0,0,0,0,1,0
21/05/2035,5,2,0,695.7,682.4,131.73,614,736,772,797,737,729.75,81.13,0,1,0,1,0,0,0,0
28/05/2035,5,2,0,684.0,759.0,132.15,722,614,736,772,797,711.0,68.01,1,0,0,0,1,0,0,0
04/06/2035,6,2,0,673.1,617.4,130.93,695,722,614,736,772,691.75,54.56,0,1,0,1,0,0,0,0
11/06/2035,6,2,0,663.4,624.9,130.97,622,695,722,614,736,663.25,53.5,1,0,0,0,0,0,1,0
18/06/2035,6,2,0,655.8,625.4,129.8,636,622,695,722,614,668.75,47.55,0,1,0,1,0,0,0,0
25/06/2035,6,2,0,650.4,628.2,129.23,604,636,622,695,722,639.25,39.41,1,0,0,0,0,0,1,0
02/07/2035,7,3,0,647.9,727.4,129.77,726,604,636,622,695,647.0,54.27,0,0,1,1,0,0,0,0
09/07/2035,7,3,0,648.2,648.3,128.4,566,726,604,636,622,633.0,68.28,0,0,1,1,0,0,0,0
16/07/2035,7,3,0,651.3,692.9,130.09,716,566,726,604,636,653.0,80.14,0,1,0,1,0,0,0,0
23/07/2035,7,3,1,657.3,572.1,130.49,431,716,566,726,604,609.75,139.84,0,1,0,0,1,0,0,0
30/07/2035,7,3,0,665.5,572.3,133.15,563,431,716,566,726,569.0,116.47,1,0,0,0,0,0,1,0
06/08/2035,8,3,0,675.8,677.7,132.79,592,563,431,716,566,575.5,116.97,1,0,0,0,1,0,0,0
13/08/2035,8,3,0,687.3,746.3,134.07,762,592,563,431,716,587.0,136.09,1,0,0,0,0,0,0,1
20/08/2035,8,3,0,699.6,776.2,135.77,570,762,592,563,431,621.75,94.31,0,1,0,1,0,0,0,0
27/08/2035,8,3,0,711.9,618.4,135.68,618,570,762,592,563,635.5,86.59,0,0,1,1,0,0,0,0
03/09/2035,9,3,0,723.4,683.1,134.53,626,618,570,762,592,644.0,82.46,1,0,0,0,0,1,0,0
10/09/2035,9,3,0,733.7,812.0,134.99,607,626,618,570,762,605.25,24.76,0,0,1,0,0,1,0,0
17/09/2035,9,3,0,741.9,820.1,134.54,660,607,626,618,570,627.75,22.87,0,1,0,1,0,0,0,0
24/09/2035,9,3,0,747.9,670.1,133.66,604,660,607,626,618,624.25,25.75,1,0,0,1,0,0,0,0
01/10/2035,10,4,0,751.0,666.4,134.22,787,604,660,607,626,664.5,85.62,0,1,0,0,0,0,1,0
08/10/2035,10,4,0,751.3,718.4,134.15,868,787,604,660,607,729.75,119.82,1,0,0,0,1,0,0,0
15/10/2035,10,4,0,748.8,807.9,134.61,887,868,787,604,660,786.5,129.16,0,0,1,0,0,0,1,0
22/10/2035,10,4,0,743.4,717.8,136.25,710,887,868,787,604,813.0,81.21,0,0,1,1,0,0,0,0
29/10/2035,10,4,0,735.8,686.0,137.52,753,710,887,868,787,804.5,86.45,0,1,0,0,0,0,0,1
05/11/2035,11,4,0,726.1,633.7,138.58,824,753,710,887,868,793.5,78.07,0,1,0,1,0,0,0,0
12/11/2035,11,4,0,715.2,722.1,138.38,788,824,753,710,887,768.75,48.73,0,1,0,0,0,1,0,0
19/11/2035,11,4,0,703.5,702.8,138.61,774,788,824,753,710,784.75,29.86,0,0,1,0,1,0,0,0
26/11/2035,11,4,0,691.8,739.7,139.35,671,774,788,824,753,764.25,65.64,0,1,0,0,0,0,1,0
03/12/2035,12,4,0,680.9,632.1,137.99,601,671,774,788,824,708.5,88.64,1,0,0,0,0,1,0,0
10/12/2035,12,4,0,671.2,765.7,137.34,744,601,671,774,788,697.5,77.52,0,0,1,0,0,0,1,0
17/12/2035,12,4,0,663.6,626.0,135.38,672,744,601,671,774,672.0,58.38,0,0,1,0,1,0,0,0
24/12/2035,12,4,0,658.2,662.5,134.39,548,672,744,601,671,641.25,85.28,1,0,0,0,0,1,0,0
31/12/2035,12,4,0,655.7,660.1,134.45,732,548,672,744,601,674.0,89.71,0,0,1,1,0,0,0,0
07/01/2036,1,1,0,656.0,656.3,133.99,628,732,548,672,744,645.0,77.45,1,0,0,0,0,0,0,1
14/01/2036,1,1,0,659.1,638.1,134.9,589,628,732,548,672,624.25,78.91,1,0,0,0,1,0,0,0
21/01/2036,1,1,1,665.1,605.7,134.75,492,589,628,732,548,610.25,99.29,0,1,0,0,0,0,0,1
28/01/2036,1,1,0,673.3,762.7,135.22,769,492,589,628,732,619.5,114.9,0,1,0,0,1,0,0,0
04/02/2036,2,1,1,683.6,657.2,136.59,447,769,492,589,628,574.25,142.72,1,0,0,0,1,0,0,0
11/02/2036,2,1,0,695.1,607.0,135.54,642,447,769,492,589,587.5,146.94,1,0,0,1,0,0,0,0
18/02/2036,2,1,0,707.4,789.0,135.66,767,642,447,769,492,656.25,151.62,1,0,0,1,0,0,0,0
25/02/2036,2,1,0,719.7,792.0,135.09,787,767,642,447,769,660.75,156.28,1,0,0,0,0,0,1,0
03/03/2036,3,1,0,731.2,775.3,134.75,766,787,767,642,447,740.5,66.38,0,1,0,0,0,1,0,0
10/03/2036,3,1,0,741.5,803.0,133.38,786,766,787,767,642,776.5,11.56,0,1,0,0,0,0,0,1
17/03/2036,3,1,0,749.7,705.6,131.47,844,786,766,787,767,795.75,33.59,0,0,1,0,1,0,0,0
24/03/2036,3,1,0,755.7,855.8,132.21,733,844,786,766,787,782.25,46.61,0,1,0,1,0,0,0,0
31/03/2036,3,1,0,758.8,812.1,129.71,723,733,844,786,766,771.5,55.68,0,1,0,0,1,0,0,0
07/04/2036,4,2,0,759.1,867.5,130.95,827,723,733,844,786,781.75,62.59,1,0,0,0,0,0,0,1
14/04/2036,4,2,0,756.6,767.7,130.75,824,827,723,733,844,776.75,56.45,0,0,1,0,1,0,0,0
21/04/2036,4,2,0,751.2,679.9,131.17,890,824,827,723,733,816.0,69.07,0,1,0,0,1,0,0,0
28/04/2036,4,2,0,743.6,776.4,132.73,692,890,824,827,723,808.25,83.26,1,0,0,1,0,0,0,0
05/05/2036,5,2,0,733.9,713.9,132.17,751,692,890,824,827,789.25,86.18,1,0,0,0,0,0,0,1
12/05/2036,5,2,0,723.0,768.5,133.3,636,751,692,890,824,742.25,109.12,0,1,0,1,0,0,0,0
19/05/2036,5,2,0,711.3,681.1,134.5,598,636,751,692,890,669.25,66.79,1,0,0,0,0,0,0,1
26/05/2036,5,2,0,699.6,652.7,133.42,684,598,636,751,692,667.25,66.0,0,1,0,0,1,0,0,0
02/06/2036,6,2,0,688.7,618.2,133.09,689,684,598,636,751,651.75,43.07,0,1,0,0,0,0,1,0
09/06/2036,6,2,0,679.0,731.6,132.29,698,689,684,598,636,667.25,46.53,0,1,0,0,1,0,0,0
16/06/2036,6,2,0,671.4,647.8,131.33,651,698,689,684,598,680.5,20.5,1,0,0,0,1,0,0,0
23/06/2036,6,2,0,666.0,736.2,130.7,694,651,698,689,684,683.0,21.65,1,0,0,0,0,0,1,0
30/06/2036,6,2,0,663.5,749.7,131.76,691,694,651,698,689,683.5,21.86,0,1,0,0,0,1,0,0
07/07/2036,7,3,0,663.8,689.4,131.86,546,691,694,651,698,645.5,69.17,1,0,0,0,0,1,0,0
14/07/2036,7,3,0,666.9,728.9,132.3,641,546,691,694,651,643.0,69.08,0,0,1,1,0,0,0,0
21/07/2036,7,3,0,672.9,727.1,132.81,652,641,546,691,694,632.5,61.53,0,1,0,0,0,0,0,1
28/07/2036,7,3,0,681.1,744.3,134.22,766,652,641,546,691,651.25,90.09,1,0,0,1,0,0,0,0
04/08/2036,8,3,0,691.4,657.2,135.85,697,766,652,641,546,689.0,56.76,1,0,0,0,0,1,0,0
11/08/2036,8,3,0,702.9,756.1,137.38,626,697,766,652,641,685.25,61.3,0,1,0,1,0,0,0,0
18/08/2036,8,3,0,715.2,795.7,138.05,730,626,697,766,652,704.75,59.58,0,1,0,0,0,0,1,0
25/08/2036,8,3,0,727.5,818.8,138.35,582,730,626,697,766,658.75,67.09,0,1,0,0,1,0,0,0
01/09/2036,9,3,0,739.0,826.7,137.81,613,582,730,626,697,637.75,64.21,0,0,1,0,0,1,0,0
08/09/2036,9,3,0,749.3,761.3,136.79,632,613,582,730,626,639.25,63.91,1,0,0,0,0,1,0,0
15/09/2036,9,3,0,757.5,707.9,137.0,665,632,613,582,730,623.0,34.77,0,1,0,0,1,0,0,0
22/09/2036,9,3,0,763.5,840.5,136.42,615,665,632,613,582,631.25,24.06,0,0,1,0,0,1,0,0
29/09/2036,9,3,0,766.6,655.1,136.62,683,615,665,632,613,648.75,30.86,0,1,0,0,0,0,1,0
06/10/2036,10,4,0,766.9,695.3,136.61,865,683,615,665,632,707.0,109.19,0,1,0,0,0,1,0,0
13/10/2036,10,4,0,764.4,766.0,137.57,654,865,683,615,665,704.25,110.73,0,1,0,0,0,0,0,1
20/10/2036,10,4,0,759.0,736.9,137.06,908,654,865,683,615,777.5,127.63,0,1,0,0,0,0,0,1
27/10/2036,10,4,0,751.4,795.7,138.12,867,908,654,865,683,823.5,114.72,0,1,0,0,0,0,0,1
03/11/2036,11,4,0,741.7,835.7,140.26,871,867,908,654,865,825.0,115.48,1,0,0,0,0,1,0,0
10/11/2036,11,4,0,730.8,676.5,139.91,669,871,867,908,654,828.75,108.09,1,0,0,1,0,0,0,0
17/11/2036,11,4,0,719.1,703.2,140.42,829,669,871,867,908,809.0,95.23,0,1,0,0,1,0,0,0
24/11/2036,11,4,0,707.4,608.3,141.51,842,829,669,871,867,802.75,90.88,1,0,0,1,0,0,0,0
01/12/2036,12,4,0,696.5,735.0,140.3,792,842,829,669,871,783.0,78.9,1,0,0,0,0,0,1,0
08/12/2036,12,4,0,686.8,704.7,139.61,815,792,842,829,669,819.5,21.39,0,0,1,0,0,1,0,0
15/12/2036,12,4,1,679.2,648.6,138.06,518,815,792,842,829,741.75,150.56,1,0,0,0,1,0,0,0
22/12/2036,12,4,0,673.8,694.1,137.69,718,518,815,792,842,710.75,135.0,1,0,0,0,0,1,0,0
29/12/2036,12,4,0,671.3,732.4,137.33,740,718,518,815,792,697.75,126.82,1,0,0,0,0,1,0,0
05/01/2037,1,1,0,671.6,638.3,135.72,787,740,718,518,815,690.75,118.71,0,1,0,0,0,1,0,0
12/01/2037,1,1,0,674.7,747.0,136.72,656,787,740,718,518,725.25,54.4,0,0,1,0,0,1,0,0
19/01/2037,1,1,0,680.7,620.5,137.6,584,656,787,740,718,691.75,89.98,0,0,1,0,1,0,0,0
26/01/2037,1,1,0,688.9,723.0,137.76,613,584,656,787,740,660.0,89.68,1,0,0,0,0,0,0,1
02/02/2037,2,1,0,699.2,770.1,137.63,754,613,584,656,787,651.75,74.31,1,0,0,0,0,1,0,0
09/02/2037,2,1,0,710.7,631.2,138.81,678,754,613,584,656,657.25,75.53,0,0,1,0,0,0,0,1
16/02/2037,2,1,0,723.0,660.9,138.76,613,678,754,613,584,664.5,67.07,0,1,0,0,0,1,0,0
23/02/2037,2,1,0,735.3,837.6,138.69,664,613,678,754,613,677.25,58.29,0,0,1,0,0,0,1,0
02/03/2037,3,1,0,746.8,772.0,135.92,783,664,613,678,754,684.5,71.36,0,1,0,0,1,0,0,0
09/03/2037,3,1,0,757.1,823.1,135.61,839,783,664,613,678,724.75,104.28,1,0,0,0,0,0,1,0
16/03/2037,3,1,0,765.3,712.0,134.07,627,839,783,664,613,728.25,99.4,0,0,1,0,0,0,0,1
23/03/2037,3,1,0,771.3,791.7,133.7,724,627,839,783,664,743.25,90.61,0,0,1,0,0,0,1,0
30/03/2037,3,1,0,774.4,888.0,131.91,853,724,627,839,783,760.75,106.26,0,1,0,0,0,1,0,0
06/04/2037,4,2,0,774.7,700.3,132.37,667,853,724,627,839,717.75,98.56,1,0,0,0,1,0,0,0
13/04/2037,4,2,0,772.2,811.6,133.01,825,667,853,724,627,767.25,86.81,0,1,0,1,0,0,0,0
20/04/2037,4,2,0,766.8,765.4,132.96,838,825,667,853,724,795.75,86.59,0,1,0,0,0,1,0,0
27/04/2037,4,2,0,759.2,833.6,133.95,730,838,825,667,853,765.0,81.15,0,0,1,0,0,1,0,0
04/05/2037,5,2,0,749.5,810.9,135.29,604,730,838,825,667,749.25,108.14,0,1,0,0,1,0,0,0
11/05/2037,5,2,0,738.6,826.6,135.8,641,604,730,838,825,703.25,104.24,1,0,0,0,0,1,0,0
18/05/2037,5,2,0,726.9,727.6,135.79,678,641,604,730,838,663.25,53.79,1,0,0,0,1,0,0,0
25/05/2037,5,2,0,715.2,638.7,135.91,798,678,641,604,730,680.25,84.11,1,0,0,0,0,0,1,0
01/06/2037,6,2,0,704.3,788.3,134.57,669,798,678,641,604,696.5,69.48,0,1,0,0,1,0,0,0
08/06/2037,6,2,0,694.6,718.2,134.59,604,669,798,678,641,687.25,80.86,1,0,0,0,0,0,1,0
15/06/2037,6,2,0,687.0,608.8,132.9,715,604,669,798,678,696.5,81.56,0,0,1,0,0,1,0,0
22/06/2037,6,2,0,681.6,755.8,132.17,753,715,604,669,798,685.25,64.14,0,1,0,0,1,0,0,0
29/06/2037,6,2,0,679.1,618.9,132.27,615,753,715,604,669,671.75,73.67,0,1,0,0,0,0,0,1
06/07/2037,7,3,0,679.4,726.7,132.98,789,615,753,715,604,718.0,75.02,0,1,0,0,0,0,1,0
13/07/2037,7,3,0,682.5,763.8,135.0,739,789,615,753,715,724.0,75.66,0,1,0,0,0,0,1,0
20/07/2037,7,3,0,688.5,767.0,134.57,618,739,789,615,753,690.25,87.58,0,1,0,0,0,0,0,1
27/07/2037,7,3,1,696.7,727.1,136.66,397,618,739,789,615,635.75,174.61,0,1,0,0,0,1,0,0
03/08/2037,8,3,0,707.0,608.6,138.67,815,397,618,739,789,642.25,182.52,0,1,0,0,1,0,0,0
10/08/2037,8,3,0,718.5,646.0,138.39,733,815,397,618,739,640.75,181.48,1,0,0,0,0,0,1,0
17/08/2037,8,3,0,730.8,649.9,139.31,629,733,815,397,618,643.5,181.1,1,0,0,1,0,0,0,0
24/08/2037,8,3,0,743.1,686.5,138.88,825,629,733,815,397,750.5,90.88,0,1,0,0,1,0,0,0
31/08/2037,8,3,0,754.6,706.5,139.32,680,825,629,733,815,716.75,83.73,0,0,1,1,0,0,0,0
07/09/2037,9,3,0,764.9,782.6,138.13,761,680,825,629,733,723.75,86.66,1,0,0,0,0,0,0,1
14/09/2037,9,3,0,773.1,817.7,138.32,623,761,680,825,629,722.25,88.87,0,1,0,0,0,0,1,0
21/09/2037,9,3,0,779.1,779.0,137.2,748,623,761,680,825,703.0,64.08,0,1,0,0,0,0,0,1
28/09/2037,9,3,0,782.2,844.2,138.61,773,748,623,761,680,726.25,69.59,0,0,1,0,0,0,1,0
05/10/2037,10,4,0,782.5,749.2,137.42,676,773,748,623,761,705.0,68.41,0,1,0,1,0,0,0,0
12/10/2037,10,4,0,780.0,870.1,138.87,676,676,773,748,623,718.25,49.84,1,0,0,1,0,0,0,0
19/10/2037,10,4,0,774.6,822.1,140.52,834,676,676,773,748,739.75,77.71,1,0,0,0,0,1,0,0
26/10/2037,10,4,0,767.0,741.9,140.19,733,834,676,676,773,729.75,74.51,0,1,0,0,0,0,0,1
02/11/2037,11,4,0,757.3,669.4,142.38,667,733,834,676,676,727.5,76.78,0,1,0,1,0,0,0,0
09/11/2037,11,4,0,746.4,850.9,142.34,799,667,733,834,676,758.25,73.85,1,0,0,0,0,0,1,0
16/11/2037,11,4,0,734.7,650.3,143.18,746,799,667,733,834,736.25,54.28,0,1,0,1,0,0,0,0
23/11/2037,11,4,1,723.0,696.4,143.15,838,746,799,667,733,762.5,73.99,0,1,0,0,1,0,0,0
30/11/2037,11,4,0,712.1,655.3,143.02,685,838,746,799,667,767.0,66.41,0,1,0,0,0,0,1,0
07/12/2037,12,4,0,702.4,806.8,141.88,596,685,838,746,799,716.25,101.89,0,0,1,0,0,0,0,1
14/12/2037,12,4,0,694.8,782.4,139.34,817,596,685,838,746,734.0,114.24,0,0,1,0,0,0,1,0
21/12/2037,12,4,0,689.4,770.5,138.62,557,817,596,685,838,663.75,115.36,1,0,0,1,0,0,0,0
28/12/2037,12,4,0,686.9,678.6,139.09,642,557,817,596,685,653.0,114.72,1,0,0,1,0,0,0,0
04/01/2038,1,1,0,687.2,754.4,137.66,609,642,557,817,596,656.25,112.73,0,0,1,1,0,0,0,0
11/01/2038,1,1,0,690.3,720.3,137.95,732,609,642,557,817,635.0,73.53,0,1,0,0,0,0,1,0
18/01/2038,1,1,1,696.3,595.5,138.6,677,732,609,642,557,665.0,52.59,1,0,0,0,0,0,1,0
25/01/2038,1,1,0,704.5,645.4,138.79,835,677,732,609,642,713.25,95.49,0,1,0,0,0,0,0,1
01/02/2038,2,1,0,714.8,721.0,140.42,642,835,677,732,609,721.5,84.25,0,1,0,0,0,0,1,0
08/02/2038,2,1,0,726.3,633.0,140.96,777,642,835,677,732,732.75,88.99,0,0,1,0,0,0,1,0
15/02/2038,2,1,0,738.6,683.8,140.25,691,777,642,835,677,736.25,86.3,1,0,0,0,0,0,0,1
22/02/2038,2,1,0,750.9,849.6,139.87,661,691,777,642,835,692.75,59.68,0,1,0,0,1,0,0,0
01/03/2038,3,1,0,762.4,835.1,139.5,735,661,691,777,642,716.0,50.77,1,0,0,0,1,0,0,0
08/03/2038,3,1,0,772.7,844.8,136.92,654,735,661,691,777,685.25,36.85,0,1,0,0,0,0,0,1
15/03/2038,3,1,0,780.9,671.6,136.71,861,654,735,661,691,727.75,96.1,1,0,0,0,0,0,0,1
22/03/2038,3,1,0,786.9,734.9,136.14,693,861,654,735,661,735.75,89.81,0,1,0,0,0,1,0,0
29/03/2038,3,1,0,790.0,864.5,135.41,878,693,861,654,735,771.5,114.49,0,1,0,0,0,1,0,0
05/04/2038,4,2,0,790.3,718.9,134.27,719,878,693,861,654,787.75,95.24,0,1,0,1,0,0,0,0
12/04/2038,4,2,0,787.8,891.8,134.75,849,719,878,693,861,784.75,92.31,0,0,1,0,1,0,0,0
19/04/2038,4,2,0,782.4,887.0,135.0,731,849,719,878,693,794.25,80.98,0,0,1,0,0,0,1,0
26/04/2038,4,2,0,774.8,757.0,137.04,719,731,849,719,878,754.5,63.25,1,0,0,0,0,0,0,1
03/05/2038,5,2,0,765.1,798.5,137.46,864,719,731,849,719,790.75,76.33,0,1,0,0,1,0,0,0
10/05/2038,5,2,0,754.2,849.4,137.47,882,864,719,731,849,799.0,85.9,0,1,0,0,0,0,0,1
17/05/2038,5,2,0,742.5,813.9,138.12,608,882,864,719,731,768.25,129.37,1,0,0,0,0,0,0,1
24/05/2038,5,2,0,730.8,766.1,138.39,806,608,882,864,719,790.0,125.59,0,1,0,0,1,0,0,0
31/05/2038,5,2,0,719.9,723.5,137.75,661,806,608,882,864,739.25,126.73,1,0,0,1,0,0,0,0
07/06/2038,6,2,0,710.2,677.2,137.12,647,661,806,608,882,680.5,86.62,1,0,0,0,1,0,0,0
14/06/2038,6,2,0,702.6,696.1,136.58,830,647,661,806,608,736.0,95.36,1,0,0,0,0,1,0,0
21/06/2038,6,2,0,697.2,765.3,134.56,829,830,647,661,806,741.75,101.49,0,0,1,1,0,0,0,0
28/06/2038,6,2,0,694.7,592.7,135.6,614,829,830,647,661,730.0,115.68,1,0,0,1,0,0,0,0
05/07/2038,7,3,1,695.0,674.6,134.59,687,614,829,830,647,740.0,107.56,1,0,0,0,0,1,0,0
12/07/2038,7,3,0,698.1,718.5,136.22,567,687,614,829,830,674.25,114.37,1,0,0,0,1,0,0,0
19/07/2038,7,3,1,704.1,761.4,137.06,570,567,687,614,829,609.5,55.96,1,0,0,1,0,0,0,0
26/07/2038,7,3,0,712.3,742.1,138.06,732,570,567,687,614,639.0,83.46,0,1,0,0,0,1,0,0
02/08/2038,8,3,0,722.6,826.2,140.45,812,732,570,567,687,670.25,121.95,0,1,0,0,0,0,1,0
09/08/2038,8,3,0,734.1,747.4,140.38,669,812,732,570,567,695.75,102.24,0,0,1,0,0,0,0,1
16/08/2038,8,3,0,746.4,760.2,141.87,735,669,812,732,570,737.0,58.53,1,0,0,0,0,0,1,0
23/08/2038,8,3,0,758.7,795.4,141.1,728,735,669,812,732,736.0,58.68,0,1,0,0,0,1,0,0
30/08/2038,8,3,0,770.2,825.8,140.77,903,728,735,669,812,758.75,100.62,1,0,0,0,0,0,1,0
06/09/2038,9,3,0,780.5,780.5,140.03,835,903,728,735,669,800.25,84.15,0,1,0,0,0,0,1,0
13/09/2038,9,3,0,788.7,881.5,140.61,773,835,903,728,735,809.75,76.08,0,1,0,0,0,0,1,0
20/09/2038,9,3,0,794.7,699.6,139.11,823,773,835,903,728,833.5,53.55,0,1,0,0,0,0,1,0
27/09/2038,9,3,0,797.8,716.4,140.26,743,823,773,835,903,793.5,43.06,0,1,0,0,0,0,0,1
04/10/2038,10,4,0,798.1,714.9,139.4,859,743,823,773,835,799.5,51.6,1,0,0,0,0,1,0,0
11/10/2038,10,4,0,795.6,859.5,140.85,664,859,743,823,773,772.25,86.94,0,1,0,1,0,0,0,0
18/10/2038,10,4,0,790.2,747.9,142.6,685,664,859,743,823,737.75,87.47,1,0,0,1,0,0,0,0
25/10/2038,10,4,1,782.6,773.9,143.64,540,685,664,859,743,687.0,131.31,0,1,0,0,0,0,0,1
01/11/2038,11,4,0,772.9,761.2,144.85,730,540,685,664,859,654.75,81.3,0,1,0,0,0,1,0,0
